Year,Datetime,Stage,Stadium,City,Home Team Name,Home Team Goals,Away Team Goals,Away Team Name,Results,Winning Team,Win conditions,MatchID,Home Team Initials,Away Team Initials
1930,13 Jul 1930 - 15:00 ,Group 1,Pocitos,Montevideo ,France,4,1,Mexico,H,France, ,1096,FRA,MEX
1930,13 Jul 1930 - 15:00 ,Group 4,Parque Central,Montevideo ,USA,3,0,Belgium,H,USA, ,1090,USA,BEL
1930,14 Jul 1930 - 12:45 ,Group 2,Parque Central,Montevideo ,Yugoslavia,2,1,Brazil,H,Yugoslavia, ,1093,YUG,BRA
1930,14 Jul 1930 - 14:50 ,Group 3,Pocitos,Montevideo ,Romania,3,1,Peru,H,Romania, ,1098,ROU,PER
1930,15 Jul 1930 - 16:00 ,Group 1,Parque Central,Montevideo ,Argentina,1,0,France,H,Argentina, ,1085,ARG,FRA
1930,16 Jul 1930 - 14:45 ,Group 1,Parque Central,Montevideo ,Chile,3,0,Mexico,H,Chile, ,1095,CHI,MEX
1930,17 Jul 1930 - 12:45 ,Group 2,Parque Central,Montevideo ,Yugoslavia,4,0,Bolivia,H,Yugoslavia, ,1092,YUG,BOL
1930,17 Jul 1930 - 14:45 ,Group 4,Parque Central,Montevideo ,USA,3,0,Paraguay,H,USA, ,1097,USA,PAR
1930,18 Jul 1930 - 14:30 ,Group 3,Estadio Centenario,Montevideo ,Uruguay,1,0,Peru,H,Uruguay, ,1099,URU,PER
1930,19 Jul 1930 - 12:50 ,Group 1,Estadio Centenario,Montevideo ,Chile,1,0,France,H,Chile, ,1094,CHI,FRA
1930,19 Jul 1930 - 15:00 ,Group 1,Estadio Centenario,Montevideo ,Argentina,6,3,Mexico,H,Argentina, ,1086,ARG,MEX
1930,20 Jul 1930 - 13:00 ,Group 2,Estadio Centenario,Montevideo ,Brazil,4,0,Bolivia,H,Brazil, ,1091,BRA,BOL
1930,20 Jul 1930 - 15:00 ,Group 4,Estadio Centenario,Montevideo ,Paraguay,1,0,Belgium,H,Paraguay, ,1089,PAR,BEL
1930,21 Jul 1930 - 14:50 ,Group 3,Estadio Centenario,Montevideo ,Uruguay,4,0,Romania,H,Uruguay, ,1100,URU,ROU
1930,22 Jul 1930 - 14:45 ,Group 1,Estadio Centenario,Montevideo ,Argentina,3,1,Chile,H,Argentina, ,1084,ARG,CHI
1930,26 Jul 1930 - 14:45 ,Semi-finals,Estadio Centenario,Montevideo ,Argentina,6,1,USA,H,Argentina, ,1088,ARG,USA
1930,27 Jul 1930 - 14:45 ,Semi-finals,Estadio Centenario,Montevideo ,Uruguay,6,1,Yugoslavia,H,Uruguay, ,1101,URU,YUG
1930,30 Jul 1930 - 14:15 ,Final,Estadio Centenario,Montevideo ,Uruguay,4,2,Argentina,H,Uruguay, ,1087,URU,ARG
1934,27 May 1934 - 16:30 ,Preliminary round,Stadio Benito Mussolini,Turin ,Austria,3,2,France,H,Austria,Austria win after extra time ,1104,AUT,FRA
1934,27 May 1934 - 16:30 ,Preliminary round,Giorgio Ascarelli,Naples ,Hungary,4,2,Egypt,H,Hungary, ,1119,HUN,EGY
1934,27 May 1934 - 16:30 ,Preliminary round,San Siro,Milan ,Switzerland,3,2,Netherlands,H,Switzerland, ,1133,SUI,NED
1934,27 May 1934 - 16:30 ,Preliminary round,Littorale,Bologna ,Sweden,3,2,Argentina,H,Sweden, ,1102,SWE,ARG
1934,27 May 1934 - 16:30 ,Preliminary round,Giovanni Berta,Florence ,Germany,5,2,Belgium,H,Germany, ,1108,GER,BEL
1934,27 May 1934 - 16:30 ,Preliminary round,Luigi Ferraris,Genoa ,Spain,3,1,Brazil,H,Spain, ,1111,ESP,BRA
1934,27 May 1934 - 16:30 ,Preliminary round,Nazionale PNF,Rome ,Italy,7,1,USA,H,Italy, ,1135,ITA,USA
1934,27 May 1934 - 16:30 ,Preliminary round,Littorio,Trieste ,Czech Republic,2,1,Romania,H,Czech Republic, ,1141,TCH,ROU
1934,31 May 1934 - 16:30 ,Quarter-finals,Stadio Benito Mussolini,Turin ,Czech Republic,3,2,Switzerland,H,Czech Republic, ,1143,TCH,SUI
1934,31 May 1934 - 16:30 ,Quarter-finals,San Siro,Milan ,Germany,2,1,Sweden,H,Germany, ,1129,GER,SWE
1934,31 May 1934 - 16:30 ,Quarter-finals,Giovanni Berta,Florence ,Italy,1,1,Spain,D,Draw, ,1122,ITA,ESP
1934,31 May 1934 - 16:30 ,Quarter-finals,Littorale,Bologna ,Austria,2,1,Hungary,H,Austria, ,1106,AUT,HUN
1934,01 Jun 1934 - 16:30 ,Quarter-finals,Giovanni Berta,Florence ,Italy,1,0,Spain,H,Italy, ,1123,ITA,ESP
1934,03 Jun 1934 - 16:30 ,Semi-finals,San Siro,Milan ,Italy,1,0,Austria,H,Italy, ,1107,ITA,AUT
1934,03 Jun 1934 - 16:30 ,Semi-finals,Nazionale PNF,Rome ,Czech Republic,3,1,Germany,H,Czech Republic, ,1130,TCH,GER
1934,07 Jun 1934 - 18:00 ,Match for third place,Giorgio Ascarelli,Naples ,Germany,3,2,Austria,H,Germany, ,1105,GER,AUT
1934,10 Jun 1934 - 17:30 ,Final,Nazionale PNF,Rome ,Italy,2,1,Czech Republic,H,Italy,Italy win after extra time ,1134,ITA,TCH
1938,04 Jun 1938 - 17:00 ,First round,Parc des Princes,Paris ,Switzerland,1,1,Germany,D,Draw, ,1165,SUI,GER
1938,05 Jun 1938 - 17:00 ,First round,Velodrome Municipale,Reims ,Hungary,6,0,Dutch East Indies,H,Hungary, ,1173,HUN,INH
1938,05 Jun 1938 - 17:00 ,First round,Stade Olympique,Colombes ,France,3,1,Belgium,H,France, ,1146,FRA,BEL
1938,05 Jun 1938 - 17:00 ,First round,Stade Municipal,Toulouse ,Cuba,3,3,Romania,D,Draw, ,1156,CUB,ROU
1938,05 Jun 1938 - 17:00 ,First round,Stade V�lodrome,Marseilles ,Italy,2,1,Norway,H,Italy,Italy win after extra time ,1179,ITA,NOR
1938,05 Jun 1938 - 17:30 ,First round,Stade de la Meinau,Strasbourg ,Brazil,6,5,Poland,H,Brazil,Brazil win after extra time ,1150,BRA,POL
1938,05 Jun 1938 - 18:30 ,First round,Cavee Verte,Le Havre ,Czech Republic,3,0,Netherlands,H,Czech Republic,Czech Republic win after extra time ,1172,TCH,NED
1938,09 Jun 1938 - 18:00 ,First round,Stade Municipal,Toulouse ,Cuba,2,1,Romania,H,Cuba, ,1157,CUB,ROU
1938,09 Jun 1938 - 18:00 ,First round,Parc des Princes,Paris ,Switzerland,4,2,Germany,H,Switzerland, ,1166,SUI,GER
1938,12 Jun 1938 - 17:00 ,Quarter-finals,Stade du Parc Lescure,Bordeaux ,Brazil,1,1,Czech Republic,D,Draw, ,1152,BRA,TCH
1938,12 Jun 1938 - 17:00 ,Quarter-finals,Victor Boucquey,Lille ,Hungary,2,0,Switzerland,H,Hungary, ,1175,HUN,SUI
1938,12 Jun 1938 - 17:00 ,Quarter-finals,Fort Carree,Antibes ,Sweden,8,0,Cuba,H,Sweden, ,1158,SWE,CUB
1938,12 Jun 1938 - 17:00 ,Quarter-finals,Stade Olympique,Colombes ,Italy,3,1,France,H,Italy, ,1164,ITA,FRA
1938,14 Jun 1938 - 18:00 ,Quarter-finals,Stade du Parc Lescure,Bordeaux ,Brazil,2,1,Czech Republic,H,Brazil, ,1153,BRA,TCH
1938,16 Jun 1938 - 18:00 ,Semi-finals,Parc des Princes,Paris ,Hungary,5,1,Sweden,H,Hungary, ,1176,HUN,SWE
1938,16 Jun 1938 - 18:00 ,Semi-finals,Stade V�lodrome,Marseilles ,Italy,2,1,Brazil,H,Italy, ,1149,ITA,BRA
1938,19 Jun 1938 - 17:00 ,Match for third place,Stade du Parc Lescure,Bordeaux ,Brazil,4,2,Sweden,H,Brazil, ,1151,BRA,SWE
1938,19 Jun 1938 - 17:00 ,Final,Stade Olympique,Colombes ,Italy,4,2,Hungary,H,Italy, ,1174,ITA,HUN
1950,24 Jun 1950 - 15:00 ,Group 1,Maracan� - Est�dio Jornalista M�rio Filho,Rio De Janeiro ,Brazil,4,0,Mexico,H,Brazil, ,1187,BRA,MEX
1950,25 Jun 1950 - 15:00 ,Group 2,Maracan� - Est�dio Jornalista M�rio Filho,Rio De Janeiro ,England,2,0,Chile,H,England, ,1192,ENG,CHI
1950,25 Jun 1950 - 15:00 ,Group 2,Durival de Brito,Curitiba ,Spain,3,1,USA,H,Spain, ,1208,ESP,USA
1950,25 Jun 1950 - 15:00 ,Group 3,Pacaembu,Sao Paulo ,Sweden,3,2,Italy,H,Sweden, ,1219,SWE,ITA
1950,25 Jun 1950 - 15:00 ,Group 1,Independencia,Belo Horizonte ,Yugoslavia,3,0,Switzerland,H,Yugoslavia, ,1230,YUG,SUI
1950,28 Jun 1950 - 15:00 ,Group 1,Pacaembu,Sao Paulo ,Brazil,2,2,Switzerland,D,Draw, ,1188,BRA,SUI
1950,28 Jun 1950 - 15:00 ,Group 1,Eucaliptos,Porto Alegre ,Yugoslavia,4,1,Mexico,H,Yugoslavia, ,1225,YUG,MEX
1950,29 Jun 1950 - 15:00 ,Group 2,Maracan� - Est�dio Jornalista M�rio Filho,Rio De Janeiro ,Spain,2,0,Chile,H,Spain, ,1193,ESP,CHI
1950,29 Jun 1950 - 15:30 ,Group 3,Durival de Brito,Curitiba ,Sweden,2,2,Paraguay,D,Draw, ,1228,SWE,PAR
1950,29 Jun 1950 - 15:00 ,Group 2,Independencia,Belo Horizonte ,USA,1,0,England,H,USA, ,1202,USA,ENG
1950,01 Jul 1950 - 15:00 ,Group 1,Maracan� - Est�dio Jornalista M�rio Filho,Rio De Janeiro ,Brazil,2,0,Yugoslavia,H,Brazil, ,1191,BRA,YUG
1950,02 Jul 1950 - 15:00 ,Group 2,Maracan� - Est�dio Jornalista M�rio Filho,Rio De Janeiro ,Spain,1,0,England,H,Spain, ,1199,ESP,ENG
1950,02 Jul 1950 - 15:00 ,Group 3,Pacaembu,Sao Paulo ,Italy,2,0,Paraguay,H,Italy, ,1218,ITA,PAR
1950,02 Jul 1950 - 15:00 ,Group 4,Independencia,Belo Horizonte ,Uruguay,8,0,Bolivia,H,Uruguay, ,1185,URU,BOL
1950,02 Jul 1950 - 15:40 ,Group 1,Eucaliptos,Porto Alegre ,Switzerland,2,1,Mexico,H,Switzerland, ,1222,SUI,MEX
1950,02 Jul 1950 - 15:00 ,Group 2,Ilha do Retiro,Recife ,Chile,5,2,USA,H,Chile, ,1194,CHI,USA
1950,09 Jul 1950 - 15:00 ,Group 6,Pacaembu,Sao Paulo ,Uruguay,2,2,Spain,D,Draw, ,1207,URU,ESP
1950,09 Jul 1950 - 15:00 ,Group 6,Maracan� - Est�dio Jornalista M�rio Filho,Rio De Janeiro ,Brazil,7,1,Sweden,H,Brazil, ,1189,BRA,SWE
1950,13 Jul 1950 - 15:00 ,Group 6,Maracan� - Est�dio Jornalista M�rio Filho,Rio De Janeiro ,Brazil,6,1,Spain,H,Brazil, ,1186,BRA,ESP
1950,13 Jul 1950 - 15:00 ,Group 6,Pacaembu,Sao Paulo ,Uruguay,3,2,Sweden,H,Uruguay, ,1231,URU,SWE
1950,16 Jul 1950 - 15:00 ,Group 6,Pacaembu,Sao Paulo ,Sweden,3,1,Spain,H,Sweden, ,1206,SWE,ESP
1950,16 Jul 1950 - 15:00 ,Group 6,Maracan� - Est�dio Jornalista M�rio Filho,Rio De Janeiro ,Uruguay,2,1,Brazil,H,Uruguay, ,1190,URU,BRA
1954,16 Jun 1954 - 18:00 ,Group 3,Wankdorf Stadium,Berne ,Uruguay,2,0,Czech Republic,H,Uruguay, ,1315,URU,TCH
1954,16 Jun 1954 - 18:00 ,Group 3,Hardturm,Zurich ,Austria,1,0,Scotland,H,Austria, ,1236,AUT,SCO
1954,16 Jun 1954 - 18:00 ,Group 1,Charmilles,Geneva ,Brazil,5,0,Mexico,H,Brazil, ,1249,BRA,MEX
1954,16 Jun 1954 - 18:00 ,Group 1,La Pontaise,Lausanne ,Yugoslavia,1,0,France,H,Yugoslavia, ,1276,YUG,FRA
1954,17 Jun 1954 - 18:00 ,Group 2,Wankdorf Stadium,Berne ,Germany,4,1,Turkey,H,Germany, ,1283,FRG,TUR
1954,17 Jun 1954 - 18:00 ,Group 2,Hardturm,Zurich ,Hungary,9,0,Korea Republic,H,Hungary, ,1294,HUN,KOR
1954,17 Jun 1954 - 18:10 ,Group 4,St. Jakob,Basel ,England,4,4,Belgium,D,Draw, ,1240,ENG,BEL
1954,17 Jun 1954 - 17:50 ,Group 4,La Pontaise,Lausanne ,Switzerland,2,1,Italy,H,Switzerland, ,1300,SUI,ITA
1954,19 Jun 1954 - 16:50 ,Group 3,St. Jakob,Basel ,Uruguay,7,0,Scotland,H,Uruguay, ,1313,URU,SCO
1954,19 Jun 1954 - 17:00 ,Group 3,Hardturm,Zurich ,Austria,5,0,Czech Republic,H,Austria, ,1238,AUT,TCH
1954,19 Jun 1954 - 17:10 ,Group 1,Charmilles,Geneva ,France,3,2,Mexico,H,France, ,1275,FRA,MEX
1954,19 Jun 1954 - 17:00 ,Group 1,La Pontaise,Lausanne ,Brazil,1,1,Yugoslavia,D,Draw, ,1252,BRA,YUG
1954,20 Jun 1954 - 16:50 ,Group 2,St. Jakob,Basel ,Hungary,8,3,Germany,H,Hungary, ,1277,HUN,FRG
1954,20 Jun 1954 - 17:00 ,Group 2,Charmilles,Geneva ,Turkey,7,0,Korea Republic,H,Turkey, ,1304,TUR,KOR
1954,20 Jun 1954 - 17:10 ,Group 4,Wankdorf Stadium,Berne ,England,2,0,Switzerland,H,England, ,1263,ENG,SUI
1954,20 Jun 1954 - 17:00 ,Group 4,Comunale di Cornaredo,Lugano ,Italy,4,1,Belgium,H,Italy, ,1243,ITA,BEL
1954,23 Jun 1954 - 18:00 ,Group 2,Hardturm,Zurich ,Germany,7,2,Turkey,H,Germany, ,1284,FRG,TUR
1954,23 Jun 1954 - 18:00 ,Group 4,St. Jakob,Basel ,Switzerland,4,1,Italy,H,Switzerland, ,1301,SUI,ITA
1954,26 Jun 1954 - 17:00 ,Quarter-finals,St. Jakob,Basel ,Uruguay,4,2,England,H,Uruguay, ,1264,URU,ENG
1954,26 Jun 1954 - 17:00 ,Quarter-finals,La Pontaise,Lausanne ,Austria,7,5,Switzerland,H,Austria, ,1237,AUT,SUI
1954,27 Jun 1954 - 17:00 ,Quarter-finals,Charmilles,Geneva ,Germany,2,0,Yugoslavia,H,Germany, ,1285,FRG,YUG
1954,27 Jun 1954 - 17:00 ,Quarter-finals,Wankdorf Stadium,Berne ,Hungary,4,2,Brazil,H,Hungary, ,1248,HUN,BRA
1954,30 Jun 1954 - 18:00 ,Semi-finals,St. Jakob,Basel ,Germany,6,1,Austria,H,Germany, ,1233,FRG,AUT
1954,30 Jun 1954 - 18:00 ,Semi-finals,La Pontaise,Lausanne ,Hungary,4,2,Uruguay,H,Hungary,Hungary win after extra time ,1295,HUN,URU
1954,03 Jul 1954 - 17:00 ,Match for third place,Hardturm,Zurich ,Austria,3,1,Uruguay,H,Austria, ,1239,AUT,URU
1954,04 Jul 1954 - 17:00 ,Final,Wankdorf Stadium,Berne ,Germany,3,2,Hungary,H,Germany, ,1278,FRG,HUN
1958,08 Jun 1958 - 14:00 ,Group 3,Rasunda Stadium,Solna ,Sweden,3,0,Mexico,H,Sweden, ,1415,SWE,MEX
1958,08 Jun 1958 - 19:00 ,Group 4,Nya Ullevi,Gothenburg ,Russia,2,2,England,D,Draw, ,1372,URS,ENG
1958,08 Jun 1958 - 19:00 ,Group 1,Malmo Stadion,Malm� ,Argentina,1,3,Germany,A,Germany, ,1323,ARG,FRG
1958,08 Jun 1958 - 19:00 ,Group 3,Jarnvallen,Sandviken ,Hungary,1,1,Wales,D,Draw, ,1407,HUN,WAL
1958,08 Jun 1958 - 19:00 ,Group 2,Idrottsparken,Norrk�Ping ,France,7,3,Paraguay,H,France, ,1386,FRA,PAR
1958,08 Jun 1958 - 19:00 ,Group 2,Arosvallen,Vasteras ,Yugoslavia,1,1,Scotland,D,Draw, ,1434,YUG,SCO
1958,08 Jun 1958 - 19:00 ,Group 4,Rimnersvallen,Udevalla ,Brazil,3,0,Austria,H,Brazil, ,1326,BRA,AUT
1958,08 Jun 1958 - 19:00 ,Group 1,Orjans Vall,Halmstad ,Northern Ireland,1,0,Czech Republic,H,Northern Ireland, ,1421,NIR,TCH
1958,11 Jun 1958 - 19:00 ,Group 4,Nya Ullevi,Gothenburg ,Brazil,0,0,England,D,Draw, ,1339,BRA,ENG
1958,11 Jun 1958 - 19:00 ,Group 3,Rasunda Stadium,Solna ,Mexico,1,1,Wales,D,Draw, ,1418,MEX,WAL
1958,11 Jun 1958 - 19:00 ,Group 2,Idrottsparken,Norrk�Ping ,Paraguay,3,2,Scotland,H,Paraguay, ,1423,PAR,SCO
1958,11 Jun 1958 - 19:00 ,Group 2,Arosvallen,Vasteras ,Yugoslavia,3,2,France,H,Yugoslavia, ,1388,YUG,FRA
1958,11 Jun 1958 - 19:00 ,Group 4,Ryavallen,Boras ,Russia,2,0,Austria,H,Russia, ,1332,URS,AUT
1958,11 Jun 1958 - 19:00 ,Group 1,Olympia Stadium,Helsingborg ,Germany,2,2,Czech Republic,D,Draw, ,1391,FRG,TCH
1958,11 Jun 1958 - 19:00 ,Group 1,Orjans Vall,Halmstad ,Argentina,3,1,Northern Ireland,H,Argentina, ,1324,ARG,NIR
1958,12 Jun 1958 - 19:00 ,Group 3,Rasunda Stadium,Solna ,Sweden,2,1,Hungary,H,Sweden, ,1406,SWE,HUN
1958,15 Jun 1958 - 14:00 ,Group 3,Rasunda Stadium,Solna ,Sweden,0,0,Wales,D,Draw, ,1438,SWE,WAL
1958,15 Jun 1958 - 19:00 ,Group 4,Nya Ullevi,Gothenburg ,Brazil,2,0,Russia,H,Brazil, ,1344,BRA,URS
1958,15 Jun 1958 - 19:00 ,Group 1,Malmo Stadion,Malm� ,Germany,2,2,Northern Ireland,D,Draw, ,1389,FRG,NIR
1958,15 Jun 1958 - 19:00 ,Group 3,Jarnvallen,Sandviken ,Hungary,4,0,Mexico,H,Hungary, ,1403,HUN,MEX
1958,15 Jun 1958 - 19:00 ,Group 2,Tunavallen,Eskilstuna ,Paraguay,3,3,Yugoslavia,D,Draw, ,1426,PAR,YUG
1958,15 Jun 1958 - 19:00 ,Group 2,Eyravallen,Orebro ,France,2,1,Scotland,H,France, ,1387,FRA,SCO
1958,15 Jun 1958 - 19:00 ,Group 4,Ryavallen,Boras ,England,2,2,Austria,D,Draw, ,1327,ENG,AUT
1958,15 Jun 1958 - 19:00 ,Group 1,Olympia Stadium,Helsingborg ,Czech Republic,6,1,Argentina,H,Czech Republic, ,1325,TCH,ARG
1958,17 Jun 1958 - 19:00 ,Group 4,Nya Ullevi,Gothenburg ,Russia,1,0,England,H,Russia, ,1373,URS,ENG
1958,17 Jun 1958 - 19:00 ,Group 1,Malmo Stadion,Malm� ,Northern Ireland,2,1,Czech Republic,H,Northern Ireland,Northern Ireland win after extra time ,1422,NIR,TCH
1958,17 Jun 1958 - 19:00 ,Group 3,Rasunda Stadium,Solna ,Wales,2,1,Hungary,H,Wales, ,1408,WAL,HUN
1958,19 Jun 1958 - 19:00 ,Quarter-finals,Nya Ullevi,Gothenburg ,Brazil,1,0,Wales,H,Brazil, ,1345,BRA,WAL
1958,19 Jun 1958 - 19:00 ,Quarter-finals,Malmo Stadion,Malm� ,Germany,1,0,Yugoslavia,H,Germany, ,1392,FRG,YUG
1958,19 Jun 1958 - 19:00 ,Quarter-finals,Rasunda Stadium,Solna ,Sweden,2,0,Russia,H,Sweden, ,1437,SWE,URS
1958,19 Jun 1958 - 19:00 ,Quarter-finals,Idrottsparken,Norrk�Ping ,France,4,0,Northern Ireland,H,France, ,1385,FRA,NIR
1958,24 Jun 1958 - 19:00 ,Semi-finals,Nya Ullevi,Gothenburg ,Sweden,3,1,Germany,H,Sweden, ,1390,SWE,FRG
1958,24 Jun 1958 - 19:00 ,Semi-finals,Rasunda Stadium,Solna ,Brazil,5,2,France,H,Brazil, ,1340,BRA,FRA
1958,28 Jun 1958 - 17:00 ,Match for third place,Nya Ullevi,Gothenburg ,France,6,3,Germany,H,France, ,1382,FRA,FRG
1958,29 Jun 1958 - 15:00 ,Final,Rasunda Stadium,Solna ,Brazil,5,2,Sweden,H,Brazil, ,1343,BRA,SWE
1962,30 May 1962 - 15:00 ,Group 1,Carlos Dittborn,Arica ,Uruguay,2,1,Colombia,H,Uruguay, ,1479,URU,COL
1962,30 May 1962 - 15:00 ,Group 3,Estadio Sausalito,Vina Del Mar ,Brazil,2,0,Mexico,H,Brazil, ,1461,BRA,MEX
1962,30 May 1962 - 15:00 ,Group 4,Estadio El Teniente-Codelco,Rancagua ,Argentina,1,0,Bulgaria,H,Argentina, ,1447,ARG,BUL
1962,30 May 1962 - 15:00 ,Group 2,Nacional,Santiago De Chile ,Chile,3,1,Switzerland,H,Chile, ,1473,CHI,SUI
1962,31 May 1962 - 15:00 ,Group 1,Carlos Dittborn,Arica ,Russia,2,0,Yugoslavia,H,Russia, ,1563,URS,YUG
1962,31 May 1962 - 15:00 ,Group 3,Estadio Sausalito,Vina Del Mar ,Czech Republic,1,0,Spain,H,Czech Republic, ,1498,TCH,ESP
1962,31 May 1962 - 15:00 ,Group 4,Estadio El Teniente-Codelco,Rancagua ,Hungary,2,1,England,H,Hungary, ,1490,HUN,ENG
1962,31 May 1962 - 15:00 ,Group 2,Nacional,Santiago De Chile ,Germany,0,0,Italy,D,Draw, ,1507,FRG,ITA
1962,02 Jun 1962 - 15:00 ,Group 1,Carlos Dittborn,Arica ,Yugoslavia,3,1,Uruguay,H,Yugoslavia, ,1564,YUG,URU
1962,02 Jun 1962 - 15:00 ,Group 3,Estadio Sausalito,Vina Del Mar ,Brazil,0,0,Czech Republic,D,Draw, ,1462,BRA,TCH
1962,02 Jun 1962 - 15:00 ,Group 4,Estadio El Teniente-Codelco,Rancagua ,England,3,1,Argentina,H,England, ,1450,ENG,ARG
1962,02 Jun 1962 - 15:00 ,Group 2,Nacional,Santiago De Chile ,Chile,2,0,Italy,H,Chile, ,1472,CHI,ITA
1962,03 Jun 1962 - 15:00 ,Group 1,Carlos Dittborn,Arica ,Russia,4,4,Colombia,D,Draw, ,1478,URS,COL
1962,03 Jun 1962 - 15:00 ,Group 3,Estadio Sausalito,Vina Del Mar ,Spain,1,0,Mexico,H,Spain, ,1497,ESP,MEX
1962,03 Jun 1962 - 15:00 ,Group 4,Estadio El Teniente-Codelco,Rancagua ,Hungary,6,1,Bulgaria,H,Hungary, ,1470,HUN,BUL
1962,03 Jun 1962 - 15:00 ,Group 2,Nacional,Santiago De Chile ,Germany,2,1,Switzerland,H,Germany, ,1510,FRG,SUI
1962,06 Jun 1962 - 15:00 ,Group 1,Carlos Dittborn,Arica ,Russia,2,1,Uruguay,H,Russia, ,1562,URS,URU
1962,06 Jun 1962 - 15:00 ,Group 3,Estadio Sausalito,Vina Del Mar ,Brazil,2,1,Spain,H,Brazil, ,1460,BRA,ESP
1962,06 Jun 1962 - 15:00 ,Group 4,Estadio El Teniente-Codelco,Rancagua ,Hungary,0,0,Argentina,D,Draw, ,1451,HUN,ARG
1962,06 Jun 1962 - 15:00 ,Group 2,Nacional,Santiago De Chile ,Germany,2,0,Chile,H,Germany, ,1471,FRG,CHI
1962,07 Jun 1962 - 15:00 ,Group 1,Carlos Dittborn,Arica ,Yugoslavia,5,0,Colombia,H,Yugoslavia, ,1480,YUG,COL
1962,07 Jun 1962 - 15:00 ,Group 3,Estadio Sausalito,Vina Del Mar ,Mexico,3,1,Czech Republic,H,Mexico, ,1544,MEX,TCH
1962,07 Jun 1962 - 15:00 ,Group 4,Estadio El Teniente-Codelco,Rancagua ,England,0,0,Bulgaria,D,Draw, ,1464,ENG,BUL
1962,07 Jun 1962 - 15:00 ,Group 2,Nacional,Santiago De Chile ,Italy,3,0,Switzerland,H,Italy, ,1532,ITA,SUI
1962,10 Jun 1962 - 14:30 ,Quarter-finals,Carlos Dittborn,Arica ,Chile,2,1,Russia,H,Chile, ,1474,CHI,URS
1962,10 Jun 1962 - 14:30 ,Quarter-finals,Estadio Sausalito,Vina Del Mar ,Brazil,3,1,England,H,Brazil, ,1459,BRA,ENG
1962,10 Jun 1962 - 14:30 ,Quarter-finals,Estadio El Teniente-Codelco,Rancagua ,Czech Republic,1,0,Hungary,H,Czech Republic, ,1525,TCH,HUN
1962,10 Jun 1962 - 14:30 ,Quarter-finals,Nacional,Santiago De Chile ,Yugoslavia,1,0,Germany,H,Yugoslavia, ,1511,YUG,FRG
1962,13 Jun 1962 - 14:30 ,Semi-finals,Estadio Sausalito,Vina Del Mar ,Czech Republic,3,1,Yugoslavia,H,Czech Republic, ,1559,TCH,YUG
1962,13 Jun 1962 - 14:30 ,Semi-finals,Nacional,Santiago De Chile ,Brazil,4,2,Chile,H,Brazil, ,1458,BRA,CHI
1962,16 Jun 1962 - 14:30 ,Match for third place,Nacional,Santiago De Chile ,Chile,1,0,Yugoslavia,H,Chile, ,1475,CHI,YUG
1962,17 Jun 1962 - 14:30 ,Final,Nacional,Santiago De Chile ,Brazil,3,1,Czech Republic,H,Brazil, ,1463,BRA,TCH
1966,11 Jul 1966 - 19:30 ,Group 1,Wembley Stadium,London ,England,0,0,Uruguay,D,Draw, ,1636,ENG,URU
1966,12 Jul 1966 - 19:30 ,Group 2,Hillsborough,Sheffield ,Germany,5,0,Switzerland,H,Germany, ,1656,FRG,SUI
1966,12 Jul 1966 - 19:30 ,Group 3,Goodison Park,Liverpool ,Brazil,2,0,Bulgaria,H,Brazil, ,1596,BRA,BUL
1966,12 Jul 1966 - 19:30 ,Group 4,Ayresome Park,Middlesbrough ,Russia,3,0,Korea Republic,H,Russia, ,1710,URS,PRK
1966,13 Jul 1966 - 19:30 ,Group 1,Wembley Stadium,London ,France,1,1,Mexico,D,Draw, ,1650,FRA,MEX
1966,13 Jul 1966 - 19:30 ,Group 3,Old Trafford Stadium,Manchester ,Portugal,3,1,Hungary,H,Portugal, ,1675,POR,HUN
1966,13 Jul 1966 - 19:30 ,Group 2,Villa Park,Birmingham ,Argentina,2,1,Spain,H,Argentina, ,1578,ARG,ESP
1966,13 Jul 1966 - 19:30 ,Group 4,Roker Park Ground,Sunderland ,Italy,2,0,Chile,H,Italy, ,1608,ITA,CHI
1966,15 Jul 1966 - 19:30 ,Group 1,White City,London ,Uruguay,2,1,France,H,Uruguay, ,1653,URU,FRA
1966,15 Jul 1966 - 19:30 ,Group 2,Hillsborough,Sheffield ,Spain,2,1,Switzerland,H,Spain, ,1641,ESP,SUI
1966,15 Jul 1966 - 19:30 ,Group 3,Goodison Park,Liverpool ,Hungary,3,1,Brazil,H,Hungary, ,1597,HUN,BRA
1966,15 Jul 1966 - 19:30 ,Group 4,Ayresome Park,Middlesbrough ,Korea Republic,1,1,Chile,D,Draw, ,1609,PRK,CHI
1966,16 Jul 1966 - 15:00 ,Group 3,Old Trafford Stadium,Manchester ,Portugal,3,0,Bulgaria,H,Portugal, ,1602,POR,BUL
1966,16 Jul 1966 - 15:00 ,Group 2,Villa Park,Birmingham ,Germany,0,0,Argentina,D,Draw, ,1579,FRG,ARG
1966,16 Jul 1966 - 15:00 ,Group 4,Roker Park Ground,Sunderland ,Russia,1,0,Italy,H,Russia, ,1682,URS,ITA
1966,16 Jul 1966 - 19:30 ,Group 1,Wembley Stadium,London ,England,2,0,Mexico,H,England, ,1634,ENG,MEX
1966,19 Jul 1966 - 16:30 ,Group 1,Wembley Stadium,London ,Uruguay,0,0,Mexico,D,Draw, ,1689,URU,MEX
1966,19 Jul 1966 - 19:30 ,Group 2,Hillsborough,Sheffield ,Argentina,2,0,Switzerland,H,Argentina, ,1582,ARG,SUI
1966,19 Jul 1966 - 19:30 ,Group 3,Goodison Park,Liverpool ,Portugal,3,1,Brazil,H,Portugal, ,1598,POR,BRA
1966,19 Jul 1966 - 19:30 ,Group 4,Ayresome Park,Middlesbrough ,Korea Republic,1,0,Italy,H,Korea Republic, ,1679,PRK,ITA
1966,20 Jul 1966 - 19:30 ,Group 1,Wembley Stadium,London ,England,2,0,France,H,England, ,1632,ENG,FRA
1966,20 Jul 1966 - 19:30 ,Group 3,Old Trafford Stadium,Manchester ,Hungary,3,1,Bulgaria,H,Hungary, ,1599,HUN,BUL
1966,20 Jul 1966 - 19:30 ,Group 2,Villa Park,Birmingham ,Germany,2,1,Spain,H,Germany, ,1637,FRG,ESP
1966,20 Jul 1966 - 19:30 ,Group 4,Roker Park Ground,Sunderland ,Russia,2,1,Chile,H,Russia, ,1610,URS,CHI
1966,23 Jul 1966 - 15:00 ,Quarter-finals,Wembley Stadium,London ,England,1,0,Argentina,H,England, ,1577,ENG,ARG
1966,23 Jul 1966 - 15:00 ,Quarter-finals,Hillsborough,Sheffield ,Germany,4,0,Uruguay,H,Germany, ,1660,FRG,URU
1966,23 Jul 1966 - 15:00 ,Quarter-finals,Roker Park Ground,Sunderland ,Russia,2,1,Hungary,H,Russia, ,1676,URS,HUN
1966,23 Jul 1966 - 15:00 ,Quarter-finals,Goodison Park,Liverpool ,Portugal,5,3,Korea Republic,H,Portugal, ,1702,POR,PRK
1966,25 Jul 1966 - 19:30 ,Semi-finals,Goodison Park,Liverpool ,Germany,2,1,Russia,H,Germany, ,1659,FRG,URS
1966,26 Jul 1966 - 19:30 ,Semi-finals,Wembley Stadium,London ,England,2,1,Portugal,H,England, ,1635,ENG,POR
1966,28 Jul 1966 - 19:30 ,Match for third place,Wembley Stadium,London ,Portugal,2,1,Russia,H,Portugal, ,1709,POR,URS
1966,30 Jul 1966 - 15:00 ,Final,Wembley Stadium,London ,England,4,2,Germany,H,England,England win after extra time ,1633,ENG,FRG
1970,31 May 1970 - 12:00 ,Group 1,Estadio Azteca,Mexico City ,Mexico,0,0,Russia,D,Draw, ,1902,MEX,URS
1970,02 Jun 1970 - 16:00 ,Group 2,Cuauhtemoc,Puebla ,Uruguay,2,0,Israel,H,Uruguay, ,1881,URU,ISR
1970,02 Jun 1970 - 16:00 ,Group 4,Nou Camp - Estadio Le�n,Leon ,Peru,3,2,Bulgaria,H,Peru, ,1780,PER,BUL
1970,02 Jun 1970 - 16:00 ,Group 3,Jalisco,Guadalajara ,England,1,0,Romania,H,England, ,1812,ENG,ROU
1970,03 Jun 1970 - 16:00 ,Group 2,Luis Dosal,Toluca ,Italy,1,0,Sweden,H,Italy, ,1883,ITA,SWE
1970,03 Jun 1970 - 16:00 ,Group 4,Nou Camp - Estadio Le�n,Leon ,Germany,2,1,Morocco,H,Germany, ,1839,FRG,MAR
1970,03 Jun 1970 - 16:00 ,Group 3,Jalisco,Guadalajara ,Brazil,4,1,Czech Republic,H,Brazil, ,1770,BRA,TCH
1970,03 Jun 1970 - 16:00 ,Group 1,Estadio Azteca,Mexico City ,Belgium,3,0,El Salvador,H,Belgium, ,1747,BEL,SLV
1970,06 Jun 1970 - 16:00 ,Group 2,Cuauhtemoc,Puebla ,Uruguay,0,0,Italy,D,Draw, ,1884,URU,ITA
1970,06 Jun 1970 - 16:00 ,Group 4,Nou Camp - Estadio Le�n,Leon ,Peru,3,0,Morocco,H,Peru, ,1893,PER,MAR
1970,06 Jun 1970 - 16:00 ,Group 3,Jalisco,Guadalajara ,Romania,2,1,Czech Republic,H,Romania, ,1919,ROU,TCH
1970,06 Jun 1970 - 16:00 ,Group 1,Estadio Azteca,Mexico City ,Russia,4,1,Belgium,H,Russia, ,1753,URS,BEL
1970,07 Jun 1970 - 12:00 ,Group 2,Luis Dosal,Toluca ,Sweden,1,1,Israel,D,Draw, ,1880,SWE,ISR
1970,07 Jun 1970 - 12:00 ,Group 4,Nou Camp - Estadio Le�n,Leon ,Germany,5,2,Bulgaria,H,Germany, ,1774,FRG,BUL
1970,07 Jun 1970 - 12:00 ,Group 3,Jalisco,Guadalajara ,Brazil,1,0,England,H,Brazil, ,1764,BRA,ENG
1970,07 Jun 1970 - 12:00 ,Group 1,Estadio Azteca,Mexico City ,Mexico,4,0,El Salvador,H,Mexico, ,1820,MEX,SLV
1970,10 Jun 1970 - 16:00 ,Group 2,Cuauhtemoc,Puebla ,Sweden,1,0,Uruguay,H,Sweden, ,1922,SWE,URU
1970,10 Jun 1970 - 16:00 ,Group 4,Nou Camp - Estadio Le�n,Leon ,Germany,3,1,Peru,H,Germany, ,1840,FRG,PER
1970,10 Jun 1970 - 16:00 ,Group 3,Jalisco,Guadalajara ,Brazil,3,2,Romania,H,Brazil, ,1769,BRA,ROU
1970,10 Jun 1970 - 16:00 ,Group 1,Estadio Azteca,Mexico City ,Russia,2,0,El Salvador,H,Russia, ,1823,URS,SLV
1970,11 Jun 1970 - 16:00 ,Group 2,Luis Dosal,Toluca ,Italy,0,0,Israel,D,Draw, ,1877,ITA,ISR
1970,11 Jun 1970 - 16:00 ,Group 4,Nou Camp - Estadio Le�n,Leon ,Bulgaria,1,1,Morocco,D,Draw, ,1779,BUL,MAR
1970,11 Jun 1970 - 16:00 ,Group 3,Jalisco,Guadalajara ,England,1,0,Czech Republic,H,England, ,1813,ENG,TCH
1970,11 Jun 1970 - 16:00 ,Group 1,Estadio Azteca,Mexico City ,Mexico,1,0,Belgium,H,Mexico, ,1752,MEX,BEL
1970,14 Jun 1970 - 12:00 ,Quarter-finals,Luis Dosal,Toluca ,Italy,4,1,Mexico,H,Italy, ,1882,ITA,MEX
1970,14 Jun 1970 - 12:00 ,Quarter-finals,Nou Camp - Estadio Le�n,Leon ,Germany,3,2,England,H,Germany,Germany win after extra time ,1811,FRG,ENG
1970,14 Jun 1970 - 12:00 ,Quarter-finals,Jalisco,Guadalajara ,Brazil,4,2,Peru,H,Brazil, ,1768,BRA,PER
1970,14 Jun 1970 - 12:00 ,Quarter-finals,Estadio Azteca,Mexico City ,Uruguay,1,0,Russia,H,Uruguay,Uruguay win after extra time ,1925,URU,URS
1970,17 Jun 1970 - 16:00 ,Semi-finals,Jalisco,Guadalajara ,Brazil,3,1,Uruguay,H,Brazil, ,1771,BRA,URU
1970,17 June 1970 - 16:00 ,Semi-finals,Estadio Azteca,Mexico City ,Italy,4,3,Germany,H,Italy,Italy win after extra time ,1838,ITA,FRG
1970,20 Jun 1970 - 16:00 ,Match for third place,Estadio Azteca,Mexico City ,Germany,1,0,Uruguay,H,Germany, ,1843,FRG,URU
1970,21 Jun 1970 - 12:00 ,Final,Estadio Azteca,Mexico City ,Brazil,4,1,Italy,H,Brazil, ,1765,BRA,ITA
1974,13 Jun 1974 - 17:00 ,Group 2,Waldstadion,Frankfurt/Main ,Brazil,0,0,Yugoslavia,D,Draw, ,1986,BRA,YUG
1974,14 Jun 1974 - 16:00 ,Group 1,Olympiastadion,Berlin West ,Germany,1,0,Chile,H,Germany, ,2003,FRG,CHI
1974,14 Jun 1974 - 19:30 ,Group 1,Volksparkstadion,Hamburg ,Germany,2,0,Australia,H,Germany, ,1955,GDR,AUS
1974,14 Jun 1974 - 19:30 ,Group 2,Westfalenstadion,Dortmund ,Zaire,0,2,Scotland,A,Scotland, ,2176,ZAI,SCO
1974,15 Jun 1974 - 16:00 ,Group 3,Niedersachsenstadion,Hanover ,Uruguay,0,2,Netherlands,A,Netherlands, ,2098,URU,NED
1974,15 Jun 1974 - 16:00 ,Group 3,Rheinstadion,D�Sseldorf ,Sweden,0,0,Bulgaria,D,Draw, ,1995,SWE,BUL
1974,15 Jun 1974 - 18:00 ,Group 4,Olympiastadion,Munich ,Italy,3,1,Haiti,H,Italy, ,2083,ITA,HAI
1974,15 Jun 1974 - 18:00 ,Group 4,Neckarstadion,Stuttgart ,Poland,3,2,Argentina,H,Poland, ,1952,POL,ARG
1974,18 Jun 1974 - 16:00 ,Group 1,Volksparkstadion,Hamburg ,Australia,0,3,Germany,A,Germany, ,1954,AUS,FRG
1974,18 Jun 1974 - 19:30 ,Group 2,Waldstadion,Frankfurt/Main ,Scotland,0,0,Brazil,D,Draw, ,1985,SCO,BRA
1974,18 Jun 1974 - 19:30 ,Group 1,Olympiastadion,Berlin West ,Chile,1,1,Germany,D,Draw, ,2004,CHI,GDR
1974,18 Jun 1974 - 19:30 ,Group 2,Parkstadion,Gelsenkirchen ,Yugoslavia,9,0,Zaire,H,Yugoslavia, ,2186,YUG,ZAI
1974,19 Jun 1974 - 19:30 ,Group 3,Westfalenstadion,Dortmund ,Netherlands,0,0,Sweden,D,Draw, ,2097,NED,SWE
1974,19 Jun 1974 - 19:30 ,Group 3,Niedersachsenstadion,Hanover ,Bulgaria,1,1,Uruguay,D,Draw, ,1996,BUL,URU
1974,19 Jun 1974 - 19:30 ,Group 4,Olympiastadion,Munich ,Haiti,0,7,Poland,A,Poland, ,2085,HAI,POL
1974,19 Jun 1974 - 19:30 ,Group 4,Neckarstadion,Stuttgart ,Argentina,1,1,Italy,D,Draw, ,1949,ARG,ITA
1974,22 Jun 1974 - 16:00 ,Group 2,Waldstadion,Frankfurt/Main ,Scotland,1,1,Yugoslavia,D,Draw, ,2175,SCO,YUG
1974,22 Jun 1974 - 16:00 ,Group 1,Olympiastadion,Berlin West ,Australia,0,0,Chile,D,Draw, ,1953,AUS,CHI
1974,22 Jun 1974 - 16:00 ,Group 2,Parkstadion,Gelsenkirchen ,Zaire,0,3,Brazil,A,Brazil, ,1987,ZAI,BRA
1974,22 June 1974 - 19:30 ,Group 1,Volksparkstadion,Hamburg ,Germany,1,0,Germany,H,Germany, ,2062,GDR,FRG
1974,23 Jun 1974 - 16:00 ,Group 3,Westfalenstadion,Dortmund ,Bulgaria,1,4,Netherlands,A,Netherlands, ,1990,BUL,NED
1974,23 Jun 1974 - 16:00 ,Group 4,Olympiastadion,Munich ,Argentina,4,1,Haiti,H,Argentina, ,1947,ARG,HAI
1974,23 Jun 1974 - 16:00 ,Group 3,Rheinstadion,D�Sseldorf ,Sweden,3,0,Uruguay,H,Sweden, ,2181,SWE,URU
1974,23 Jun 1974 - 16:00 ,Group 4,Neckarstadion,Stuttgart ,Poland,2,1,Italy,H,Poland, ,2129,POL,ITA
1974,26 Jun 1974 - 16:00 ,Group B,Rheinstadion,D�Sseldorf ,Yugoslavia,0,2,Germany,A,Germany, ,2066,YUG,FRG
1974,26 Jun 1974 - 19:30 ,Group A,Niedersachsenstadion,Hanover ,Brazil,1,0,Germany,H,Brazil, ,1982,BRA,GDR
1974,26 Jun 1974 - 19:30 ,Group A,Parkstadion,Gelsenkirchen ,Netherlands,4,0,Argentina,H,Netherlands, ,1948,NED,ARG
1974,26 Jun 1974 - 19:30 ,Group B,Neckarstadion,Stuttgart ,Sweden,0,1,Poland,A,Poland, ,2167,SWE,POL
1974,30 Jun 1974 - 16:00 ,Group A,Niedersachsenstadion,Hanover ,Argentina,1,2,Brazil,A,Brazil, ,1945,ARG,BRA
1974,30 Jun 1974 - 16:00 ,Group B,Waldstadion,Frankfurt/Main ,Poland,2,1,Yugoslavia,H,Poland, ,2170,POL,YUG
1974,30 Jun 1974 - 16:00 ,Group A,Parkstadion,Gelsenkirchen ,Germany,0,2,Netherlands,A,Netherlands, ,2067,GDR,NED
1974,30 Jun 1974 - 19:30 ,Group B,Rheinstadion,D�Sseldorf ,Germany,4,2,Sweden,H,Germany, ,2065,FRG,SWE
1974,03 Jul 1974 - 17:00 ,Group B,Waldstadion,Frankfurt/Main ,Poland,0,1,Germany,A,Germany, ,2064,POL,FRG
1974,03 Jul 1974 - 19:30 ,Group A,Westfalenstadion,Dortmund ,Netherlands,2,0,Brazil,H,Netherlands, ,1983,NED,BRA
1974,03 Jul 1974 - 19:30 ,Group A,Parkstadion,Gelsenkirchen ,Argentina,1,1,Germany,D,Draw, ,1946,ARG,GDR
1974,03 Jul 1974 - 19:30 ,Group B,Rheinstadion,D�Sseldorf ,Sweden,2,1,Yugoslavia,H,Sweden, ,2182,SWE,YUG
1974,06 Jul 1974 - 16:00 ,Match for third place,Olympiastadion,Munich ,Brazil,0,1,Poland,A,Poland, ,1984,BRA,POL
1974,07 July 1974 - 16:00 ,Final,Olympiastadion,Munich ,Netherlands,1,2,Germany,A,Germany, ,2063,NED,FRG
1978,01 Jun 1978 - 15:00 ,Group 2,El Monumental - Estadio Monumental Antonio Vespuci,Buenos Aires ,Germany,0,0,Poland,D,Draw, ,2351,FRG,POL
1978,02 Jun 1978 - 13:45 ,Group 1,Estadio Jos� Mar�a Minella,Mar Del Plata ,Italy,2,1,France,H,Italy, ,2347,ITA,FRA
1978,02 Jun 1978 - 16:45 ,Group 2,Arroyito - Estadio Dr. Lisandro de la Torre,Rosario ,Tunisia,3,1,Mexico,H,Tunisia, ,2433,TUN,MEX
1978,02 Jun 1978 - 19:15 ,Group 1,El Monumental - Estadio Monumental Antonio Vespuci,Buenos Aires ,Argentina,2,1,Hungary,H,Argentina, ,2199,ARG,HUN
1978,03 Jun 1978 - 13:45 ,Group 3,Estadio Jos� Mar�a Minella,Mar Del Plata ,Sweden,1,1,Brazil,D,Draw, ,2253,SWE,BRA
1978,03 Jun 1978 - 13:45 ,Group 3,Jose Amalfitani,Buenos Aires ,Austria,2,1,Spain,H,Austria, ,2216,AUT,ESP
1978,03 Jun 1978 - 16:45 ,Group 4,Estadio Ol�mpico Chateau Carreras,Cordoba ,Peru,3,1,Scotland,H,Peru, ,2451,PER,SCO
1978,03 Jun 1978 - 16:45 ,Group 4,San Martin,Mendoza ,Netherlands,3,0,Iran,H,Netherlands, ,2388,NED,IRN
1978,06 Jun 1978 - 13:45 ,Group 1,Estadio Jos� Mar�a Minella,Mar Del Plata ,Italy,3,1,Hungary,H,Italy, ,2396,ITA,HUN
1978,06 Jun 1978 - 16:45 ,Group 2,Arroyito - Estadio Dr. Lisandro de la Torre,Rosario ,Poland,1,0,Tunisia,H,Poland, ,2454,POL,TUN
1978,06 Jun 1978 - 16:45 ,Group 2,Estadio Ol�mpico Chateau Carreras,Cordoba ,Germany,6,0,Mexico,H,Germany, ,2350,FRG,MEX
1978,06 Jun 1978 - 19:15 ,Group 1,El Monumental - Estadio Monumental Antonio Vespuci,Buenos Aires ,Argentina,2,1,France,H,Argentina, ,2197,ARG,FRA
1978,07 Jun 1978 - 13:45 ,Group 3,Estadio Jos� Mar�a Minella,Mar Del Plata ,Brazil,0,0,Spain,D,Draw, ,2246,BRA,ESP
1978,07 Jun 1978 - 13:45 ,Group 3,Jose Amalfitani,Buenos Aires ,Austria,1,0,Sweden,H,Austria, ,2224,AUT,SWE
1978,07 Jun 1978 - 16:45 ,Group 4,Estadio Ol�mpico Chateau Carreras,Cordoba ,Scotland,1,1,Iran,D,Draw, ,2408,SCO,IRN
1978,07 Jun 1978 - 16:45 ,Group 4,San Martin,Mendoza ,Netherlands,0,0,Peru,D,Draw, ,2394,NED,PER
1978,10 Jun 1978 - 15:10 ,Group 1,Estadio Jos� Mar�a Minella,Mar Del Plata ,France,3,1,Hungary,H,France, ,2344,FRA,HUN
1978,10 Jun 1978 - 16:45 ,Group 2,Arroyito - Estadio Dr. Lisandro de la Torre,Rosario ,Poland,3,1,Mexico,H,Poland, ,2431,POL,MEX
1978,10 Jun 1978 - 16:45 ,Group 2,Estadio Ol�mpico Chateau Carreras,Cordoba ,Germany,0,0,Tunisia,D,Draw, ,2352,FRG,TUN
1978,10 Jun 1978 - 19:15 ,Group 1,El Monumental - Estadio Monumental Antonio Vespuci,Buenos Aires ,Italy,1,0,Argentina,H,Italy, ,2200,ITA,ARG
1978,11 Jun 1978 - 13:45 ,Group 3,Estadio Jos� Mar�a Minella,Mar Del Plata ,Brazil,1,0,Austria,H,Brazil, ,2215,BRA,AUT
1978,11 Jun 1978 - 13:45 ,Group 3,Jose Amalfitani,Buenos Aires ,Spain,1,0,Sweden,H,Spain, ,2337,ESP,SWE
1978,11 Jun 1978 - 16:45 ,Group 4,Estadio Ol�mpico Chateau Carreras,Cordoba ,Peru,4,1,Iran,H,Peru, ,2405,PER,IRN
1978,11 Jun 1978 - 16:45 ,Group 4,San Martin,Mendoza ,Scotland,3,2,Netherlands,H,Scotland, ,2395,SCO,NED
1978,14 Jun 1978 - 13:45 ,Group A,El Monumental - Estadio Monumental Antonio Vespuci,Buenos Aires ,Germany,0,0,Italy,D,Draw, ,2349,FRG,ITA
1978,14 Jun 1978 - 13:45 ,Group A,Estadio Ol�mpico Chateau Carreras,Cordoba ,Netherlands,5,1,Austria,H,Netherlands, ,2220,NED,AUT
1978,14 Jun 1978 - 16:45 ,Group B,San Martin,Mendoza ,Brazil,3,0,Peru,H,Brazil, ,2251,BRA,PER
1978,14 Jun 1978 - 19:15 ,Group B,Arroyito - Estadio Dr. Lisandro de la Torre,Rosario ,Argentina,2,0,Poland,H,Argentina, ,2202,ARG,POL
1978,18 Jun 1978 - 13:45 ,Group B,San Martin,Mendoza ,Poland,1,0,Peru,H,Poland, ,2450,POL,PER
1978,18 Jun 1978 - 16:45 ,Group A,El Monumental - Estadio Monumental Antonio Vespuci,Buenos Aires ,Italy,1,0,Austria,H,Italy, ,2221,ITA,AUT
1978,18 Jun 1978 - 16:45 ,Group A,Estadio Ol�mpico Chateau Carreras,Cordoba ,Germany,2,2,Netherlands,D,Draw, ,2348,FRG,NED
1978,18 Jun 1978 - 19:15 ,Group B,Arroyito - Estadio Dr. Lisandro de la Torre,Rosario ,Argentina,0,0,Brazil,D,Draw, ,2196,ARG,BRA
1978,21 Jun 1978 - 13:45 ,Group A,El Monumental - Estadio Monumental Antonio Vespuci,Buenos Aires ,Netherlands,2,1,Italy,H,Netherlands, ,2391,NED,ITA
1978,21 Jun 1978 - 13:45 ,Group A,Estadio Ol�mpico Chateau Carreras,Cordoba ,Austria,3,2,Germany,H,Austria, ,2217,AUT,FRG
1978,21 Jun 1978 - 16:45 ,Group B,San Martin,Mendoza ,Brazil,3,1,Poland,H,Brazil, ,2252,BRA,POL
1978,21 Jun 1978 - 19:15 ,Group B,Arroyito - Estadio Dr. Lisandro de la Torre,Rosario ,Argentina,6,0,Peru,H,Argentina, ,2201,ARG,PER
1978,24 Jun 1978 - 15:00 ,Match for third place,El Monumental - Estadio Monumental Antonio Vespuci,Buenos Aires ,Brazil,2,1,Italy,H,Brazil, ,2247,BRA,ITA
1978,25 Jun 1978 - 15:00 ,Final,El Monumental - Estadio Monumental Antonio Vespuci,Buenos Aires ,Argentina,3,1,Netherlands,H,Argentina,Argentina win after extra time ,2198,ARG,NED
1982,13 Jun 1982 - 20:00 ,Group 3,Camp Nou,Barcelona ,Argentina,0,1,Belgium,A,Belgium, ,749,ARG,BEL
1982,14 Jun 1982 - 17:15 ,Group 1,Estadio Municipal de Bala�dos,Vigo ,Italy,0,0,Poland,D,Draw, ,995,ITA,POL
1982,14 Jun 1982 - 21:00 ,Group 6,Ramon Sanchez Pizjuan,Seville ,Brazil,2,1,Russia,H,Brazil, ,791,BRA,URS
1982,15 Jun 1982 - 17:15 ,Group 1,Riazor,La Coru�A ,Peru,0,0,Cameroon,D,Draw, ,833,PER,CMR
1982,15 Jun 1982 - 21:00 ,Group 3,Nuevo Estadio,Elche ,Hungary,10,1,El Salvador,H,Hungary, ,896,HUN,SLV
1982,15 Jun 1982 - 21:00 ,Group 6,La Rosaleda,Malaga ,Scotland,5,2,New Zealand,H,Scotland, ,1051,SCO,NZL
1982,16 Jun 1982 - 17:15 ,Group 2,El Molinon,Gijon ,Germany,1,2,Algeria,A,Algeria, ,741,FRG,ALG
1982,16 Jun 1982 - 17:15 ,Group 4,San Mames,Bilbao ,England,3,1,France,H,England, ,878,ENG,FRA
1982,16 Jun 1982 - 21:00 ,Group 5,Luis Casanova,Valencia ,Spain,1,1,Honduras,D,Draw, ,901,ESP,HON
1982,17 Jun 1982 - 17:15 ,Group 2,Carlos Tartiere,Oviedo ,Chile,0,1,Austria,A,Austria, ,764,CHI,AUT
1982,17 Jun 1982 - 17:45 ,Group 4,Jose Zorrilla,Valladolid ,Czech Republic,1,1,Kuwait,D,Draw, ,1012,TCH,KUW
1982,17 Jun 1982 - 21:00 ,Group 5,La Romareda,Zaragoza ,Yugoslavia,0,0,Northern Ireland,D,Draw, ,1044,YUG,NIR
1982,18 Jun 1982 - 17:15 ,Group 1,Estadio Municipal de Bala�dos,Vigo ,Italy,1,1,Peru,D,Draw, ,994,ITA,PER
1982,18 Jun 1982 - 21:00 ,Group 3,Jose Rico Perez,Alicante ,Argentina,4,1,Hungary,H,Argentina, ,752,ARG,HUN
1982,18 Jun 1982 - 21:00 ,Group 6,Benito Villamarin,Seville ,Brazil,4,1,Scotland,H,Brazil, ,790,BRA,SCO
1982,19 Jun 1982 - 19:15 ,Group 1,Riazor,La Coru�A ,Poland,0,0,Cameroon,D,Draw, ,834,POL,CMR
1982,19 Jun 1982 - 21:00 ,Group 3,Nuevo Estadio,Elche ,Belgium,1,0,El Salvador,H,Belgium, ,774,BEL,SLV
1982,19 Jun 1982 - 21:00 ,Group 6,La Rosaleda,Malaga ,Russia,3,0,New Zealand,H,Russia, ,1054,URS,NZL
1982,20 Jun 1982 - 17:15 ,Group 2,El Molinon,Gijon ,Germany,4,1,Chile,H,Germany, ,813,FRG,CHI
1982,20 Jun 1982 - 17:15 ,Group 4,San Mames,Bilbao ,England,2,0,Czech Republic,H,England, ,889,ENG,TCH
1982,20 Jun 1982 - 21:00 ,Group 5,Luis Casanova,Valencia ,Spain,2,1,Yugoslavia,H,Spain, ,903,ESP,YUG
1982,21 Jun 1982 - 17:15 ,Group 2,Carlos Tartiere,Oviedo ,Algeria,0,2,Austria,A,Austria, ,739,ALG,AUT
1982,21 Jun 1982 - 17:15 ,Group 4,Jose Zorrilla,Valladolid ,France,4,1,Kuwait,H,France, ,919,FRA,KUW
1982,21 Jun 1982 - 21:00 ,Group 5,La Romareda,Zaragoza ,Honduras,1,1,Northern Ireland,D,Draw, ,959,HON,NIR
1982,22 Jun 1982 - 17:15 ,Group 1,Riazor,La Coru�A ,Poland,5,1,Peru,H,Poland, ,1055,POL,PER
1982,22 Jun 1982 - 21:00 ,Group 3,Nuevo Estadio,Elche ,Belgium,1,1,Hungary,D,Draw, ,779,BEL,HUN
1982,22 Jun 1982 - 21:00 ,Group 6,La Rosaleda,Malaga ,Russia,2,2,Scotland,D,Draw, ,1071,URS,SCO
1982,23 Jun 1982 - 17:15 ,Group 1,Estadio Municipal de Bala�dos,Vigo ,Italy,1,1,Cameroon,D,Draw, ,828,ITA,CMR
1982,23 Jun 1982 - 21:00 ,Group 3,Jose Rico Perez,Alicante ,Argentina,2,0,El Salvador,H,Argentina, ,751,ARG,SLV
1982,23 Jun 1982 - 21:00 ,Group 6,Benito Villamarin,Seville ,Brazil,4,0,New Zealand,H,Brazil, ,789,BRA,NZL
1982,24 Jun 1982 - 17:15 ,Group 2,Carlos Tartiere,Oviedo ,Algeria,3,2,Chile,H,Algeria, ,740,ALG,CHI
1982,24 Jun 1982 - 17:15 ,Group 4,Jose Zorrilla,Valladolid ,France,1,1,Czech Republic,D,Draw, ,922,FRA,TCH
1982,24 Jun 1982 - 21:00 ,Group 5,La Romareda,Zaragoza ,Honduras,0,1,Yugoslavia,A,Yugoslavia, ,962,HON,YUG
1982,25 Jun 1982 - 17:15 ,Group 2,El Molinon,Gijon ,Germany,1,0,Austria,H,Germany, ,770,FRG,AUT
1982,25 Jun 1982 - 17:15 ,Group 4,San Mames,Bilbao ,England,1,0,Kuwait,H,England, ,882,ENG,KUW
1982,25 Jun 1982 - 21:00 ,Group 5,Luis Casanova,Valencia ,Northern Ireland,1,0,Spain,H,Northern Ireland, ,902,NIR,ESP
1982,28 Jun 1982 - 17:15 ,Group 4,Vicente Calderon,Madrid ,Austria,0,1,France,A,France, ,767,AUT,FRA
1982,28 Jun 1982 - 21:00 ,Group 1,Camp Nou,Barcelona ,Poland,3,0,Belgium,H,Poland, ,782,POL,BEL
1982,29 Jun 1982 - 17:15 ,Group 3,Sarria,Barcelona ,Italy,2,1,Argentina,H,Italy, ,753,ITA,ARG
1982,29 Jun 1982 - 21:00 ,Group 2,Santiago Bernabeu,Madrid ,Germany,0,0,England,D,Draw, ,879,FRG,ENG
1982,01 Jul 1982 - 17:15 ,Group 4,Vicente Calderon,Madrid ,Austria,2,2,Northern Ireland,D,Draw, ,771,AUT,NIR
1982,01 Jul 1982 - 21:00 ,Group 1,Camp Nou,Barcelona ,Belgium,0,1,Russia,A,Russia, ,783,BEL,URS
1982,02 Jul 1982 - 17:15 ,Group 3,Sarria,Barcelona ,Argentina,1,3,Brazil,A,Brazil, ,750,ARG,BRA
1982,02 Jul 1982 - 21:00 ,Group 2,Santiago Bernabeu,Madrid ,Germany,2,1,Spain,H,Germany, ,900,FRG,ESP
1982,04 Jul 1982 - 17:15 ,Group 4,Vicente Calderon,Madrid ,France,4,1,Northern Ireland,H,France, ,920,FRA,NIR
1982,04 Jul 1982 - 21:00 ,Group 1,Camp Nou,Barcelona ,Poland,0,0,Russia,D,Draw, ,1058,POL,URS
1982,05 Jul 1982 - 17:15 ,Group 3,Sarria,Barcelona ,Italy,3,2,Brazil,H,Italy, ,788,ITA,BRA
1982,05 Jul 1982 - 21:00 ,Group 2,Santiago Bernabeu,Madrid ,Spain,0,0,England,D,Draw, ,877,ESP,ENG
1982,08 Jul 1982 - 17:15 ,Semi-finals,Camp Nou,Barcelona ,Poland,0,2,Italy,A,Italy, ,996,POL,ITA
1982,08 Jul 1982 - 21:00 ,Semi-finals,Ramon Sanchez Pizjuan,Seville ,Germany,3,3,France,H,Draw, win on penalties (5 - 4) ,914,FRG,FRA
1982,10 Jul 1982 - 20:00 ,Match for third place,Jose Rico Perez,Alicante ,Poland,3,2,France,H,Poland, ,921,POL,FRA
1982,11 Jul 1982 - 20:00 ,Final,Santiago Bernabeu,Madrid ,Italy,3,1,Germany,H,Italy, ,923,ITA,FRG
1986,31 May 1986 - 12:00 ,Group A,Estadio Azteca,Mexico City ,Bulgaria,1,1,Italy,D,Draw, ,459,BUL,ITA
1986,01 Jun 1986 - 16:00 ,Group C,Nou Camp - Estadio Le�n,Leon ,Canada,0,1,France,A,France, ,468,CAN,FRA
1986,01 Jun 1986 - 12:00 ,Group D,Jalisco,Guadalajara ,Spain,0,1,Brazil,A,Brazil, ,439,ESP,BRA
1986,02 Jun 1986 - 12:00 ,Group C,Estadio Irapuato,Irapuato ,Russia,6,0,Hungary,H,Russia, ,610,URS,HUN
1986,02 Jun 1986 - 12:00 ,Group A,Estadio Ol�mpico Universitario,Mexico City ,Argentina,3,1,Korea Republic,H,Argentina, ,395,ARG,KOR
1986,02 Jun 1986 - 16:00 ,Group F,Estadio Universitario,Monterrey ,Morocco,0,0,Poland,D,Draw, ,674,MAR,POL
1986,03 Jun 1986 - 12:00 ,Group D,Tres de Marzo,Guadalajara ,Algeria,1,1,Northern Ireland,D,Draw, ,379,ALG,NIR
1986,03 Jun 1986 - 12:00 ,Group B,Estadio Azteca,Mexico City ,Belgium,1,2,Mexico,A,Mexico, ,428,BEL,MEX
1986,03 Jun 1986 - 16:00 ,Group F,Tecnologico,Monterrey ,Portugal,1,0,England,H,Portugal, ,538,POR,ENG
1986,04 Jun 1986 - 12:00 ,Group B,Bombonera - Estadio Nemesio Diez,Toluca ,Paraguay,1,0,Iraq,H,Paraguay, ,628,PAR,IRQ
1986,04 Jun 1986 - 16:00 ,Group E,Neza,Nezahualcoyotl ,Scotland,0,1,Denmark,A,Denmark, ,517,SCO,DEN
1986,04 Jun 1986 - 12:00 ,Group E,Estadio Corregidora,Queretaro ,Uruguay,1,1,Germany,D,Draw, ,585,URU,FRG
1986,05 Jun 1986 - 12:00 ,Group A,Cuauhtemoc,Puebla ,Italy,1,1,Argentina,D,Draw, ,394,ITA,ARG
1986,05 Jun 1986 - 12:00 ,Group C,Nou Camp - Estadio Le�n,Leon ,France,1,1,Russia,D,Draw, ,571,FRA,URS
1986,05 Jun 1986 - 16:00 ,Group A,Estadio Ol�mpico Universitario,Mexico City ,Korea Republic,1,1,Bulgaria,D,Draw, ,460,KOR,BUL
1986,06 Jun 1986 - 12:00 ,Group C,Estadio Irapuato,Irapuato ,Hungary,2,0,Canada,H,Hungary, ,475,HUN,CAN
1986,06 Jun 1986 - 12:00 ,Group D,Jalisco,Guadalajara ,Brazil,1,0,Algeria,H,Brazil, ,377,BRA,ALG
1986,06 Jun 1986 - 16:00 ,Group F,Tecnologico,Monterrey ,England,0,0,Morocco,D,Draw, ,533,ENG,MAR
1986,07 Jun 1986 - 12:00 ,Group D,Tres de Marzo,Guadalajara ,Northern Ireland,1,2,Spain,A,Spain, ,551,NIR,ESP
1986,07 Jun 1986 - 12:00 ,Group B,Estadio Azteca,Mexico City ,Mexico,1,1,Paraguay,D,Draw, ,680,MEX,PAR
1986,07 Jun 1986 - 16:00 ,Group F,Estadio Universitario,Monterrey ,Poland,1,0,Portugal,H,Poland, ,701,POL,POR
1986,08 Jun 1986 - 12:00 ,Group B,Bombonera - Estadio Nemesio Diez,Toluca ,Iraq,1,2,Belgium,A,Belgium, ,427,IRQ,BEL
1986,08 Jun 1986 - 16:00 ,Group E,Neza,Nezahualcoyotl ,Denmark,6,1,Uruguay,H,Denmark, ,522,DEN,URU
1986,08 Jun 1986 - 12:00 ,Group E,Estadio Corregidora,Queretaro ,Germany,2,1,Scotland,H,Germany, ,580,FRG,SCO
1986,09 Jun 1986 - 12:00 ,Group C,Nou Camp - Estadio Le�n,Leon ,Hungary,0,3,France,A,France, ,567,HUN,FRA
1986,09 Jun 1986 - 12:00 ,Group C,Estadio Irapuato,Irapuato ,Russia,2,0,Canada,H,Russia, ,476,URS,CAN
1986,10 Jun 1986 - 12:00 ,Group A,Cuauhtemoc,Puebla ,Korea Republic,2,3,Italy,A,Italy, ,643,KOR,ITA
1986,10 Jun 1986 - 12:00 ,Group A,Estadio Ol�mpico Universitario,Mexico City ,Argentina,2,0,Bulgaria,H,Argentina, ,389,ARG,BUL
1986,11 Jun 1986 - 12:00 ,Group B,Bombonera - Estadio Nemesio Diez,Toluca ,Paraguay,2,2,Belgium,D,Draw, ,429,PAR,BEL
1986,11 Jun 1986 - 12:00 ,Group B,Estadio Azteca,Mexico City ,Iraq,0,1,Mexico,A,Mexico, ,627,IRQ,MEX
1986,11 Jun 1986 - 16:00 ,Group F,Tres de Marzo,Guadalajara ,Portugal,1,3,Morocco,A,Morocco, ,675,POR,MAR
1986,11 Jun 1986 - 16:00 ,Group F,Tecnologico,Monterrey ,England,3,0,Poland,H,England, ,537,ENG,POL
1986,12 Jun 1986 - 12:00 ,Group D,Jalisco,Guadalajara ,Northern Ireland,0,3,Brazil,A,Brazil, ,441,NIR,BRA
1986,12 Jun 1986 - 12:00 ,Group D,Tecnologico,Monterrey ,Algeria,0,3,Spain,A,Spain, ,378,ALG,ESP
1986,13 Jun 1986 - 12:00 ,Group E,Neza,Nezahualcoyotl ,Scotland,0,0,Uruguay,D,Draw, ,712,SCO,URU
1986,13 Jun 1986 - 12:00 ,Group E,Estadio Corregidora,Queretaro ,Denmark,2,0,Germany,H,Denmark, ,512,DEN,FRG
1986,15 Jun 1986 - 16:00 ,Round of 16,Nou Camp - Estadio Le�n,Leon ,Russia,3,4,Belgium,A,Belgium,Belgium win after extra time ,432,URS,BEL
1986,15 Jun 1986 - 12:00 ,Round of 16,Estadio Azteca,Mexico City ,Mexico,2,0,Bulgaria,H,Mexico, ,463,MEX,BUL
1986,16 Jun 1986 - 16:00 ,Round of 16,Cuauhtemoc,Puebla ,Argentina,1,0,Uruguay,H,Argentina, ,398,ARG,URU
1986,16 Jun 1986 - 12:00 ,Round of 16,Jalisco,Guadalajara ,Brazil,4,0,Poland,H,Brazil, ,444,BRA,POL
1986,17 Jun 1986 - 12:00 ,Round of 16,Estadio Ol�mpico Universitario,Mexico City ,Italy,0,2,France,A,France, ,568,ITA,FRA
1986,17 Jun 1986 - 16:00 ,Round of 16,Estadio Universitario,Monterrey ,Morocco,0,1,Germany,A,Germany, ,574,MAR,FRG
1986,18 Jun 1986 - 12:00 ,Round of 16,Estadio Azteca,Mexico City ,England,3,0,Paraguay,H,England, ,536,ENG,PAR
1986,18 Jun 1986 - 16:00 ,Round of 16,Estadio Corregidora,Queretaro ,Denmark,1,5,Spain,A,Spain, ,511,DEN,ESP
1986,21 Jun 1986 - 12:00 ,Quarter-finals,Jalisco,Guadalajara ,Brazil,1,1,France,A,Draw,France win on penalties (3 - 4) ,440,BRA,FRA
1986,21 Jun 1986 - 16:00 ,Quarter-finals,Estadio Universitario,Monterrey ,Germany,0,0,Mexico,H,Draw,Germany win on penalties (4 - 1) ,575,FRG,MEX
1986,22 Jun 1986 - 16:00 ,Quarter-finals,Cuauhtemoc,Puebla ,Spain,1,1,Belgium,A,Draw,Belgium win on penalties (4 - 5) ,421,ESP,BEL
1986,22 Jun 1986 - 12:00 ,Quarter-finals,Estadio Azteca,Mexico City ,Argentina,2,1,England,H,Argentina, ,392,ARG,ENG
1986,25 Jun 1986 - 12:00 ,Semi-finals,Jalisco,Guadalajara ,France,0,2,Germany,A,Germany, ,564,FRA,FRG
1986,25 Jun 1986 - 16:00 ,Semi-finals,Estadio Azteca,Mexico City ,Argentina,2,0,Belgium,H,Argentina, ,388,ARG,BEL
1986,28 Jun 1986 - 12:00 ,Match for third place,Cuauhtemoc,Puebla ,France,4,2,Belgium,H,France,France win after extra time ,422,FRA,BEL
1986,29 Jun 1986 - 12:00 ,Final,Estadio Azteca,Mexico City ,Argentina,3,2,Germany,H,Argentina, ,393,ARG,FRG
1990,08 Jun 1990 - 18:00 ,Group B,Giuseppe Meazza,Milan ,Argentina,0,1,Cameroon,A,Cameroon, ,26,ARG,CMR
1990,09 Jun 1990 - 17:00 ,Group B,Stadio San Nicola,Bari ,Russia,0,2,Romania,A,Romania, ,342,URS,ROU
1990,09 Jun 1990 - 17:00 ,Group D,Renato Dall Ara,Bologna ,United Arab Emirates,0,2,Colombia,A,Colombia, ,119,UAE,COL
1990,09 Jun 1990 - 21:00 ,Group A,Stadio Olimpico,Rome ,Italy,1,0,Austria,H,Italy, ,42,ITA,AUT
1990,10 Jun 1990 - 17:00 ,Group A,Comunale,Florence ,USA,1,5,Czech Republic,A,Czech Republic, ,355,USA,TCH
1990,10 Jun 1990 - 21:00 ,Group C,Stadio delle Alpi,Turin ,Brazil,2,1,Sweden,H,Brazil, ,75,BRA,SWE
1990,10 Jun 1990 - 21:00 ,Group D,Giuseppe Meazza,Milan ,Germany,4,1,Yugoslavia,H,Germany, ,201,FRG,YUG
1990,11 Jun 1990 - 17:00 ,Group C,Luigi Ferraris,Genoa ,Costa Rica,1,0,Scotland,H,Costa Rica, ,127,CRC,SCO
1990,11 Jun 1990 - 21:00 ,Group F,Sant Elia,Cagliari ,England,1,1,Republic of Ireland,D,Draw, ,161,ENG,IRL
1990,12 Jun 1990 - 17:00 ,Group E,Marc Antonio Bentegodi,Verona ,Belgium,2,0,Korea Republic,H,Belgium, ,57,BEL,KOR
1990,12 Jun 1990 - 21:00 ,Group F,Della Favorita,Palermo ,Netherlands,1,1,Egypt,D,Draw, ,151,NED,EGY
1990,13 Jun 1990 - 17:00 ,Group E,Dacia Arena,Udine ,Uruguay,0,0,Spain,D,Draw, ,180,URU,ESP
1990,13 Jun 1990 - 21:00 ,Group B,San Paolo,Naples ,Argentina,2,0,Russia,H,Argentina, ,30,ARG,URS
1990,14 Jun 1990 - 17:00 ,Group B,Stadio San Nicola,Bari ,Cameroon,2,1,Romania,H,Cameroon, ,108,CMR,ROU
1990,14 Jun 1990 - 17:00 ,Group D,Renato Dall Ara,Bologna ,Yugoslavia,1,0,Colombia,H,Yugoslavia, ,120,YUG,COL
1990,14 Jun 1990 - 21:00 ,Group A,Stadio Olimpico,Rome ,Italy,1,0,USA,H,Italy, ,265,ITA,USA
1990,15 Jun 1990 - 17:00 ,Group A,Comunale,Florence ,Austria,0,1,Czech Republic,A,Czech Republic, ,43,AUT,TCH
1990,15 Jun 1990 - 21:00 ,Group D,Giuseppe Meazza,Milan ,Germany,5,1,United Arab Emirates,H,Germany, ,198,FRG,UAE
1990,16 Jun 1990 - 17:00 ,Group C,Stadio delle Alpi,Turin ,Brazil,1,0,Costa Rica,H,Brazil, ,73,BRA,CRC
1990,16 Jun 1990 - 21:00 ,Group C,Luigi Ferraris,Genoa ,Sweden,1,2,Scotland,A,Scotland, ,348,SWE,SCO
1990,16 Jun 1990 - 21:00 ,Group F,Sant Elia,Cagliari ,England,0,0,Netherlands,D,Draw, ,160,ENG,NED
1990,17 Jun 1990 - 17:00 ,Group F,Della Favorita,Palermo ,Republic of Ireland,0,0,Egypt,D,Draw, ,152,IRL,EGY
1990,17 Jun 1990 - 21:00 ,Group E,Dacia Arena,Udine ,Korea Republic,1,3,Spain,A,Spain, ,175,KOR,ESP
1990,17 Jun 1990 - 21:00 ,Group E,Marc Antonio Bentegodi,Verona ,Belgium,3,1,Uruguay,H,Belgium, ,66,BEL,URU
1990,18 Jun 1990 - 21:00 ,Group B,San Paolo,Naples ,Argentina,1,1,Romania,D,Draw, ,29,ARG,ROU
1990,18 Jun 1990 - 21:00 ,Group B,Stadio San Nicola,Bari ,Cameroon,0,4,Russia,A,Russia, ,111,CMR,URS
1990,19 Jun 1990 - 17:00 ,Group D,Giuseppe Meazza,Milan ,Germany,1,1,Colombia,D,Draw, ,114,FRG,COL
1990,19 Jun 1990 - 17:00 ,Group D,Renato Dall Ara,Bologna ,Yugoslavia,4,1,United Arab Emirates,H,Yugoslavia, ,364,YUG,UAE
1990,19 Jun 1990 - 21:00 ,Group A,Stadio Olimpico,Rome ,Italy,2,0,Czech Republic,H,Italy, ,263,ITA,TCH
1990,19 Jun 1990 - 21:00 ,Group A,Comunale,Florence ,Austria,2,1,USA,H,Austria, ,48,AUT,USA
1990,20 Jun 1990 - 21:00 ,Group C,Stadio delle Alpi,Turin ,Brazil,1,0,Scotland,H,Brazil, ,74,BRA,SCO
1990,20 Jun 1990 - 21:00 ,Group C,Luigi Ferraris,Genoa ,Sweden,1,2,Costa Rica,A,Costa Rica, ,128,SWE,CRC
1990,21 Jun 1990 - 17:00 ,Group E,Friuli,Udine ,Korea Republic,0,1,Uruguay,A,Uruguay, ,290,KOR,URU
1990,21 Jun 1990 - 17:00 ,Group E,Marc Antonio Bentegodi,Verona ,Belgium,1,2,Spain,A,Spain, ,56,BEL,ESP
1990,21 Jun 1990 - 21:00 ,Group F,Della Favorita,Palermo ,Republic of Ireland,1,1,Netherlands,D,Draw, ,228,IRL,NED
1990,21 Jun 1990 - 21:00 ,Group F,Sant Elia,Cagliari ,England,1,0,Egypt,H,England, ,150,ENG,EGY
1990,23 Jun 1990 - 17:00 ,Round of 16,San Paolo,Naples ,Cameroon,2,1,Colombia,H,Cameroon,Cameroon win after extra time ,102,CMR,COL
1990,23 Jun 1990 - 21:00 ,Round of 16,Stadio San Nicola,Bari ,Czech Republic,4,1,Costa Rica,H,Czech Republic, ,129,TCH,CRC
1990,24 Jun 1990 - 17:00 ,Round of 16,Stadio delle Alpi,Turin ,Brazil,0,1,Argentina,A,Argentina, ,25,BRA,ARG
1990,24 Jun 1990 - 21:00 ,Round of 16,Giuseppe Meazza,Milan ,Germany,2,1,Netherlands,H,Germany, ,196,FRG,NED
1990,25 Jun 1990 - 17:00 ,Round of 16,Luigi Ferraris,Genoa ,Republic of Ireland,0,0,Romania,H,Draw,Republic of Ireland win on penalties (5 - 4) ,248,IRL,ROU
1990,25 Jun 1990 - 21:00 ,Round of 16,Stadio Olimpico,Rome ,Italy,2,0,Uruguay,H,Italy, ,264,ITA,URU
1990,26 Jun 1990 - 17:00 ,Round of 16,Marc Antonio Bentegodi,Verona ,Spain,1,2,Yugoslavia,A,Yugoslavia,Yugoslavia win after extra time ,181,ESP,YUG
1990,26 Jun 1990 - 21:00 ,Round of 16,Renato Dall Ara,Bologna ,England,1,0,Belgium,H,England,England win after extra time ,55,ENG,BEL
1990,30 Jun 1990 - 17:00 ,Quarter-finals,Comunale,Florence ,Yugoslavia,0,0,Argentina,A,Draw, win on penalties (2 - 3) ,31,YUG,ARG
1990,30 Jun 1990 - 21:00 ,Quarter-finals,Stadio Olimpico,Rome ,Italy,1,0,Republic of Ireland,H,Italy, ,243,ITA,IRL
1990,01 Jul 1990 - 17:00 ,Quarter-finals,Giuseppe Meazza,Milan ,Germany,1,0,Czech Republic,H,Germany, ,197,FRG,TCH
1990,01 Jul 1990 - 21:00 ,Quarter-finals,San Paolo,Naples ,England,3,2,Cameroon,H,England,England win after extra time ,103,ENG,CMR
1990,03 Jul 1990 - 20:00 ,Semi-finals,San Paolo,Naples ,Italy,1,1,Argentina,A,Draw, win on penalties (3 - 4) ,28,ITA,ARG
1990,04 Jul 1990 - 20:00 ,Semi-finals,Stadio delle Alpi,Turin ,Germany,1,1,England,H,Draw, win on penalties (4 - 3) ,159,FRG,ENG
1990,07 Jul 1990 - 20:00 ,Match for third place,Stadio San Nicola,Bari ,Italy,2,1,England,H,Italy, ,162,ITA,ENG
1990,08 Jul 1990 - 20:00 ,Final,Stadio Olimpico,Rome ,Germany,1,0,Argentina,H,Germany, ,27,FRG,ARG
1994,17 Jun 1994 - 19:30 ,Group C,Cotton Bowl,Dallas ,Spain,2,2,Korea Republic,D,Draw, ,3050,ESP,KOR
1994,17 Jun 1994 - 15:00 ,Group C,Soldier Field,Chicago ,Germany,1,0,Bolivia,H,Germany, ,3049,GER,BOL
1994,18 Jun 1994 - 11:30 ,Group A,Pontiac Silverdome,Detroit ,USA,1,1,Switzerland,D,Draw, ,3051,USA,SUI
1994,18 Jun 1994 - 16:00 ,Group E,Giants Stadium,New York/New Jersey ,Italy,0,1,Republic of Ireland,A,Republic of Ireland, ,3052,ITA,IRL
1994,18 Jun 1994 - 19:30 ,Group A,Rose Bowl,Los Angeles ,Colombia,1,3,Romania,A,Romania, ,3053,COL,ROU
1994,19 Jun 1994 - 12:30 ,Group F,Citrus Bowl,Orlando ,Belgium,1,0,Morocco,H,Belgium, ,3054,BEL,MAR
1994,19 Jun 1994 - 16:00 ,Group E,RFK Stadium,Washington Dc ,Norway,1,0,Mexico,H,Norway, ,3055,NOR,MEX
1994,19 Jun 1994 - 19:30 ,Group B,Rose Bowl,Los Angeles ,Cameroon,2,2,Sweden,D,Draw, ,3056,CMR,SWE
1994,20 Jun 1994 - 19:30 ,Group F,RFK Stadium,Washington Dc ,Netherlands,2,1,Saudi Arabia,H,Netherlands, ,3058,NED,KSA
1994,20 Jun 1994 - 16:00 ,Group B,Stanford Stadium,San Francisco ,Brazil,2,0,Russia,H,Brazil, ,3057,BRA,RUS
1994,21 Jun 1994 - 12:30 ,Group D,Foxboro Stadium,Boston ,Argentina,4,0,Greece,H,Argentina, ,3059,ARG,GRE
1994,21 Jun 1994 - 19:30 ,Group D,Cotton Bowl,Dallas ,Nigeria,3,0,Bulgaria,H,Nigeria, ,3061,NGA,BUL
1994,21 Jun 1994 - 16:00 ,Group C,Soldier Field,Chicago ,Germany,1,1,Spain,D,Draw, ,3060,GER,ESP
1994,22 Jun 1994 - 16:00 ,Group A,Pontiac Silverdome,Detroit ,Romania,1,4,Switzerland,A,Switzerland, ,3062,ROU,SUI
1994,22 Jun 1994 - 19:30 ,Group A,Rose Bowl,Los Angeles ,USA,2,1,Colombia,H,USA, ,3063,USA,COL
1994,23 Jun 1994 - 16:00 ,Group E,Giants Stadium,New York/New Jersey ,Italy,1,0,Norway,H,Italy, ,3064,ITA,NOR
1994,23 Jun 1994 - 19:30 ,Group C,Foxboro Stadium,Boston ,Korea Republic,0,0,Bolivia,D,Draw, ,3065,KOR,BOL
1994,24 Jun 1994 - 12:30 ,Group E,Citrus Bowl,Orlando ,Mexico,2,1,Republic of Ireland,H,Mexico, ,3066,MEX,IRL
1994,24 Jun 1994 - 19:30 ,Group B,Pontiac Silverdome,Detroit ,Sweden,3,1,Russia,H,Sweden, ,3068,SWE,RUS
1994,24 Jun 1994 - 16:00 ,Group B,Stanford Stadium,San Francisco ,Brazil,3,0,Cameroon,H,Brazil, ,3067,BRA,CMR
1994,25 Jun 1994 - 12:30 ,Group F,Citrus Bowl,Orlando ,Belgium,1,0,Netherlands,H,Belgium, ,3069,BEL,NED
1994,25 Jun 1994 - 12:30 ,Group F,Giants Stadium,New York/New Jersey ,Saudi Arabia,2,1,Morocco,H,Saudi Arabia, ,3070,KSA,MAR
1994,25 Jun 1994 - 16:00 ,Group D,Foxboro Stadium,Boston ,Argentina,2,1,Nigeria,H,Argentina, ,3071,ARG,NGA
1994,26 Jun 1994 - 12:30 ,Group D,Soldier Field,Chicago ,Bulgaria,4,0,Greece,H,Bulgaria, ,3072,BUL,GRE
1994,26 Jun 1994 - 16:00 ,Group A,Rose Bowl,Los Angeles ,USA,0,1,Romania,A,Romania, ,3073,USA,ROU
1994,26 Jun 1994 - 16:00 ,Group A,Stanford Stadium,San Francisco ,Switzerland,0,2,Colombia,A,Colombia, ,3074,SUI,COL
1994,27 Jun 1994 - 16:00 ,Group C,Cotton Bowl,Dallas ,Germany,3,2,Korea Republic,H,Germany, ,3076,GER,KOR
1994,27 Jun 1994 - 16:00 ,Group C,Soldier Field,Chicago ,Bolivia,1,3,Spain,A,Spain, ,3075,BOL,ESP
1994,28 Jun 1994 - 12:30 ,Group E,Giants Stadium,New York/New Jersey ,Republic of Ireland,0,0,Norway,D,Draw, ,3077,IRL,NOR
1994,28 Jun 1994 - 16:00 ,Group B,Pontiac Silverdome,Detroit ,Brazil,1,1,Sweden,D,Draw, ,3080,BRA,SWE
1994,28 Jun 1994 - 12:30 ,Group E,RFK Stadium,Washington Dc ,Italy,1,1,Mexico,D,Draw, ,3078,ITA,MEX
1994,28 Jun 1994 - 16:00 ,Group B,Stanford Stadium,San Francisco ,Russia,6,1,Cameroon,H,Russia, ,3079,RUS,CMR
1994,29 Jun 1994 - 12:30 ,Group F,Citrus Bowl,Orlando ,Morocco,1,2,Netherlands,A,Netherlands, ,3081,MAR,NED
1994,29 Jun 1994 - 12:30 ,Group F,RFK Stadium,Washington Dc ,Belgium,0,1,Saudi Arabia,A,Saudi Arabia, ,3082,BEL,KSA
1994,30 Jun 1994 - 19:30 ,Group D,Foxboro Stadium,Boston ,Greece,0,2,Nigeria,A,Nigeria, ,3083,GRE,NGA
1994,30 Jun 1994 - 19:30 ,Group D,Cotton Bowl,Dallas ,Argentina,0,2,Bulgaria,A,Bulgaria, ,3084,ARG,BUL
1994,02 Jul 1994 - 12:00 ,Round of 16,Soldier Field,Chicago ,Germany,3,2,Belgium,H,Germany, ,3085,GER,BEL
1994,02 Jul 1994 - 16:30 ,Round of 16,RFK Stadium,Washington Dc ,Spain,3,0,Switzerland,H,Spain, ,3086,ESP,SUI
1994,03 Jul 1994 - 12:00 ,Round of 16,Cotton Bowl,Dallas ,Saudi Arabia,1,3,Sweden,A,Sweden, ,3087,KSA,SWE
1994,03 Jul 1994 - 13:30 ,Round of 16,Rose Bowl,Los Angeles ,Romania,3,2,Argentina,H,Romania, ,3088,ROU,ARG
1994,04 Jul 1994 - 12:00 ,Round of 16,Citrus Bowl,Orlando ,Netherlands,2,0,Republic of Ireland,H,Netherlands, ,3089,NED,IRL
1994,04 Jul 1994 - 12:30 ,Round of 16,Stanford Stadium,San Francisco ,Brazil,1,0,USA,H,Brazil, ,3090,BRA,USA
1994,05 Jul 1994 - 13:00 ,Round of 16,Foxboro Stadium,Boston ,Nigeria,1,2,Italy,A,Italy,Italy win after extra time ,3091,NGA,ITA
1994,05 Jul 1994 - 16:30 ,Round of 16,Giants Stadium,New York/New Jersey ,Mexico,1,1,Bulgaria,A,Draw,Bulgaria win on penalties (1 - 3) ,3092,MEX,BUL
1994,09 Jul 1994 - 12:00 ,Quarter-finals,Foxboro Stadium,Boston ,Italy,2,1,Spain,H,Italy, ,3097,ITA,ESP
1994,09 Jul 1994 - 14:30 ,Quarter-finals,Cotton Bowl,Dallas ,Netherlands,2,3,Brazil,A,Brazil, ,3098,NED,BRA
1994,10 Jul 1994 - 12:00 ,Quarter-finals,Giants Stadium,New York/New Jersey ,Bulgaria,2,1,Germany,H,Bulgaria, ,3096,BUL,GER
1994,10 Jul 1994 - 12:30 ,Quarter-finals,Stanford Stadium,San Francisco ,Romania,2,2,Sweden,A,Draw,Sweden win on penalties (4 - 5) ,3095,ROU,SWE
1994,13 Jul 1994 - 16:00 ,Semi-finals,Giants Stadium,New York/New Jersey ,Bulgaria,1,2,Italy,A,Italy, ,3100,BUL,ITA
1994,13 Jul 1994 - 16:30 ,Semi-finals,Rose Bowl,Los Angeles ,Sweden,0,1,Brazil,A,Brazil, ,3099,SWE,BRA
1994,16 Jul 1994 - 12:30 ,Match for third place,Rose Bowl,Los Angeles ,Sweden,4,0,Bulgaria,H,Sweden, ,3103,SWE,BUL
1994,17 Jul 1994 - 12:30 ,Final,Rose Bowl,Los Angeles ,Brazil,0,0,Italy,H,Draw,Brazil win on penalties (3 - 2) ,3104,BRA,ITA
1998,10 Jun 1998 - 17:30 ,Group A,Stade de France,Saint-Denis ,Brazil,2,1,Scotland,H,Brazil, ,4000,BRA,SCO
1998,10 Jun 1998 - 21:00 ,Group A,La Mosson,Montpellier ,Morocco,2,2,Norway,D,Draw, ,8725,MAR,NOR
1998,11 Jun 1998 - 17:30 ,Group B,Stade du Parc Lescure,Bordeaux ,Italy,2,2,Chile,D,Draw, ,8726,ITA,CHI
1998,11 Jun 1998 - 21:00 ,Group B,Stade Municipal,Toulouse ,Cameroon,1,1,Austria,D,Draw, ,8727,CMR,AUT
1998,12 Jun 1998 - 14:30 ,Group D,La Mosson,Montpellier ,Paraguay,0,0,Bulgaria,D,Draw, ,8728,PAR,BUL
1998,12 Jun 1998 - 17:30 ,Group C,Stade Felix Bollaert,Lens ,Saudi Arabia,0,1,Denmark,A,Denmark, ,8729,KSA,DEN
1998,12 Jun 1998 - 21:00 ,Group C,Stade V�lodrome,Marseilles ,France,3,0,South Africa,H,France, ,8730,FRA,RSA
1998,13 Jun 1998 - 14:30 ,Group D,La Beaujoire,Nantes ,Spain,2,3,Nigeria,A,Nigeria, ,8731,ESP,NGA
1998,13 Jun 1998 - 17:30 ,Group E,Stade de Gerland,Lyon ,Korea Republic,1,3,Mexico,A,Mexico, ,8732,KOR,MEX
1998,13 Jun 1998 - 21:00 ,Group E,Stade de France,Saint-Denis ,Netherlands,0,0,Belgium,D,Draw, ,8733,NED,BEL
1998,14 Jun 1998 - 14:30 ,Group H,Stade Municipal,Toulouse ,Argentina,1,0,Japan,H,Argentina, ,8734,ARG,JPN
1998,14 Jun 1998 - 17:30 ,Group F,Stade Geoffroy Guichard,Saint-Etienne ,Yugoslavia,1,0,Iran,H,Yugoslavia, ,8735,YUG,IRN
1998,14 Jun 1998 - 21:00 ,Group H,Stade Felix Bollaert,Lens ,Jamaica,1,3,Croatia,A,Croatia, ,8736,JAM,CRO
1998,15 Jun 1998 - 14:30 ,Group G,Stade V�lodrome,Marseilles ,England,2,0,Tunisia,H,England, ,8740,ENG,TUN
1998,15 Jun 1998 - 17:30 ,Group G,Stade de Gerland,Lyon ,Romania,1,0,Colombia,H,Romania, ,8739,ROU,COL
1998,15 Jun 1998 - 21:00 ,Group F,Parc des Princes,Paris ,Germany,2,0,USA,H,Germany, ,8738,GER,USA
1998,16 Jun 1998 - 17:30 ,Group A,Stade du Parc Lescure,Bordeaux ,Scotland,1,1,Norway,D,Draw, ,8741,SCO,NOR
1998,16 Jun 1998 - 21:00 ,Group A,La Beaujoire,Nantes ,Brazil,3,0,Morocco,H,Brazil, ,8742,BRA,MAR
1998,17 Jun 1998 - 17:30 ,Group B,Stade Geoffroy Guichard,Saint-Etienne ,Chile,1,1,Austria,D,Draw, ,8743,CHI,AUT
1998,17 Jun 1998 - 21:00 ,Group B,La Mosson,Montpellier ,Italy,3,0,Cameroon,H,Italy, ,8744,ITA,CMR
1998,18 Jun 1998 - 17:30 ,Group C,Stade Municipal,Toulouse ,South Africa,1,1,Denmark,D,Draw, ,8746,RSA,DEN
1998,18 Jun 1998 - 21:00 ,Group C,Stade de France,Saint-Denis ,France,4,0,Saudi Arabia,H,France, ,8745,FRA,KSA
1998,19 Jun 1998 - 17:30 ,Group D,Parc des Princes,Paris ,Nigeria,1,0,Bulgaria,H,Nigeria, ,8747,NGA,BUL
1998,19 Jun 1998 - 21:00 ,Group D,Stade Geoffroy Guichard,Saint-Etienne ,Spain,0,0,Paraguay,D,Draw, ,8748,ESP,PAR
1998,20 Jun 1998 - 14:30 ,Group H,La Beaujoire,Nantes ,Japan,0,1,Croatia,A,Croatia, ,8751,JPN,CRO
1998,20 Jun 1998 - 17:30 ,Group E,Stade du Parc Lescure,Bordeaux ,Belgium,2,2,Mexico,D,Draw, ,8750,BEL,MEX
1998,20 Jun 1998 - 21:00 ,Group E,Stade V�lodrome,Marseilles ,Netherlands,5,0,Korea Republic,H,Netherlands, ,8749,NED,KOR
1998,21 Jun 1998 - 14:30 ,Group F,Stade Felix Bollaert,Lens ,Germany,2,2,Yugoslavia,D,Draw, ,8753,GER,YUG
1998,21 Jun 1998 - 17:30 ,Group H,Parc des Princes,Paris ,Argentina,5,0,Jamaica,H,Argentina, ,8752,ARG,JAM
1998,21 Jun 1998 - 21:00 ,Group F,Stade de Gerland,Lyon ,USA,1,2,Iran,A,Iran, ,8754,USA,IRN
1998,22 Jun 1998 - 17:30 ,Group G,La Mosson,Montpellier ,Colombia,1,0,Tunisia,H,Colombia, ,8755,COL,TUN
1998,22 Jun 1998 - 21:00 ,Group G,Stade Municipal,Toulouse ,Romania,2,1,England,H,Romania, ,8756,ROU,ENG
1998,23 Jun 1998 - 16:00 ,Group B,Stade de France,Saint-Denis ,Italy,2,1,Austria,H,Italy, ,8757,ITA,AUT
1998,23 Jun 1998 - 16:00 ,Group B,La Beaujoire,Nantes ,Chile,1,1,Cameroon,D,Draw, ,8760,CHI,CMR
1998,23 Jun 1998 - 21:00 ,Group A,Stade Geoffroy Guichard,Saint-Etienne ,Scotland,0,3,Morocco,A,Morocco, ,8758,SCO,MAR
1998,23 Jun 1998 - 21:00 ,Group A,Stade V�lodrome,Marseilles ,Brazil,1,2,Norway,A,Norway, ,8759,BRA,NOR
1998,24 Jun 1998 - 16:00 ,Group C,Stade de Gerland,Lyon ,France,2,1,Denmark,H,France, ,8762,FRA,DEN
1998,24 Jun 1998 - 16:00 ,Group C,Stade du Parc Lescure,Bordeaux ,South Africa,2,2,Saudi Arabia,D,Draw, ,8764,RSA,KSA
1998,24 Jun 1998 - 21:00 ,Group D,Stade Felix Bollaert,Lens ,Spain,6,1,Bulgaria,H,Spain, ,8761,ESP,BUL
1998,24 Jun 1998 - 21:00 ,Group D,Stade Municipal,Toulouse ,Nigeria,1,3,Paraguay,A,Paraguay, ,8763,NGA,PAR
1998,25 Jun 1998 - 16:00 ,Group E,Parc des Princes,Paris ,Belgium,1,1,Korea Republic,D,Draw, ,8765,BEL,KOR
1998,25 Jun 1998 - 16:00 ,Group E,Stade Geoffroy Guichard,Saint-Etienne ,Netherlands,2,2,Mexico,D,Draw, ,8766,NED,MEX
1998,25 Jun 1998 - 21:00 ,Group F,La Mosson,Montpellier ,Germany,2,0,Iran,H,Germany, ,8767,GER,IRN
1998,25 Jun 1998 - 21:00 ,Group F,La Beaujoire,Nantes ,USA,0,1,Yugoslavia,A,Yugoslavia, ,8768,USA,YUG
1998,26 Jun 1998 - 16:00 ,Group H,Stade de Gerland,Lyon ,Japan,1,2,Jamaica,A,Jamaica, ,8771,JPN,JAM
1998,26 Jun 1998 - 16:00 ,Group H,Stade du Parc Lescure,Bordeaux ,Argentina,1,0,Croatia,H,Argentina, ,8772,ARG,CRO
1998,26 Jun 1998 - 21:00 ,Group G,Stade de France,Saint-Denis ,Romania,1,1,Tunisia,D,Draw, ,8769,ROU,TUN
1998,26 Jun 1998 - 21:00 ,Group G,Stade Felix Bollaert,Lens ,Colombia,0,2,England,A,England, ,8770,COL,ENG
1998,27 Jun 1998 - 16:30 ,Round of 16,Stade V�lodrome,Marseilles ,Italy,1,0,Norway,H,Italy, ,8774,ITA,NOR
1998,27 Jun 1998 - 21:00 ,Round of 16,Parc des Princes,Paris ,Brazil,4,1,Chile,H,Brazil, ,8773,BRA,CHI
1998,28 Jun 1998 - 16:30 ,Round of 16,Stade Felix Bollaert,Lens ,France,1,0,Paraguay,H,France,France win after extra time ,8776,FRA,PAR
1998,28 Jun 1998 - 21:00 ,Round of 16,Stade de France,Saint-Denis ,Nigeria,1,4,Denmark,A,Denmark, ,8775,NGA,DEN
1998,29 Jun 1998 - 16:30 ,Round of 16,La Mosson,Montpellier ,Germany,2,1,Mexico,H,Germany, ,8777,GER,MEX
1998,29 Jun 1998 - 21:00 ,Round of 16,Stade Municipal,Toulouse ,Netherlands,2,1,Yugoslavia,H,Netherlands, ,8778,NED,YUG
1998,30 Jun 1998 - 16:30 ,Round of 16,Stade du Parc Lescure,Bordeaux ,Romania,0,1,Croatia,A,Croatia, ,8780,ROU,CRO
1998,30 Jun 1998 - 21:00 ,Round of 16,Stade Geoffroy Guichard,Saint-Etienne ,Argentina,2,2,England,H,Draw,Argentina win on penalties (4 - 3) ,8779,ARG,ENG
1998,03 Jul 1998 - 16:30 ,Quarter-finals,Stade de France,Saint-Denis ,Italy,0,0,France,A,Draw,France win on penalties (3 - 4) ,8781,ITA,FRA
1998,03 Jul 1998 - 21:00 ,Quarter-finals,La Beaujoire,Nantes ,Brazil,3,2,Denmark,H,Brazil, ,8782,BRA,DEN
1998,04 Jul 1998 - 16:30 ,Quarter-finals,Stade V�lodrome,Marseilles ,Netherlands,2,1,Argentina,H,Netherlands, ,8784,NED,ARG
1998,04 Jul 1998 - 21:00 ,Quarter-finals,Stade de Gerland,Lyon ,Germany,0,3,Croatia,A,Croatia, ,8783,GER,CRO
1998,07 Jul 1998 - 21:00 ,Semi-finals,Stade V�lodrome,Marseilles ,Brazil,1,1,Netherlands,H,Draw,Brazil win on penalties (4 - 2) ,8785,BRA,NED
1998,08 Jul 1998 - 21:00 ,Semi-finals,Stade de France,Saint-Denis ,France,2,1,Croatia,H,France, ,8786,FRA,CRO
1998,11 Jul 1998 - 21:00 ,Match for third place,Parc des Princes,Paris ,Netherlands,1,2,Croatia,A,Croatia, ,8787,NED,CRO
1998,12 Jul 1998 - 21:00 ,Final,Stade de France,Saint-Denis ,Brazil,0,3,France,A,France, ,8788,BRA,FRA
2002,31 May 2002 - 20:30 ,Group A,Seoul World Cup Stadium,Seoul ,France,0,1,Senegal,A,Senegal, ,43950001,FRA,SEN
2002,01 Jun 2002 - 18:00 ,Group A,Munsu Football Stadium,Ulsan ,Uruguay,1,2,Denmark,A,Denmark, ,43950003,URU,DEN
2002,01 Jun 2002 - 15:30 ,Group E,Niigata Stadium Big Swan,Niigata ,Republic of Ireland,1,1,Cameroon,D,Draw, ,43950002,IRL,CMR
2002,01 Jun 2002 - 20:30 ,Group E,Sapporo Dome,Sapporo ,Germany,8,0,Saudi Arabia,H,Germany, ,43950004,GER,KSA
2002,02 Jun 2002 - 14:30 ,Group F,Kashima Stadium,Ibaraki ,Argentina,1,0,Nigeria,H,Argentina, ,43950007,ARG,NGA
2002,02 Jun 2002 - 16:30 ,Group B,Busan Asiad Main Stadium,Busan ,Paraguay,2,2,South Africa,D,Draw, ,43950006,PAR,RSA
2002,02 Jun 2002 - 18:30 ,Group F,Saitama Stadium 2002,Saitama ,England,1,1,Sweden,D,Draw, ,43950005,ENG,SWE
2002,02 Jun 2002 - 20:30 ,Group B,Gwangju World Cup Stadium,Gwangju ,Spain,3,1,Slovenia,H,Spain, ,43950008,ESP,SVN
2002,03 June 2002 - 18:00 ,Group C,Munsu Football Stadium,Ulsan ,Brazil,2,1,Turkey,H,Brazil, ,43950010,BRA,TUR
2002,03 Jun 2002 - 20:30 ,Group G,Sapporo Dome,Sapporo ,Italy,2,0,Ecuador,H,Italy, ,43950011,ITA,ECU
2002,03 Jun 2002 - 15:30 ,Group G,Niigata Stadium Big Swan,Niigata ,Croatia,0,1,Mexico,A,Mexico, ,43950009,CRO,MEX
2002,04 June 2002 - 15:30 ,Group C,Gwangju World Cup Stadium,Gwangju ,China PR,0,2,Costa Rica,A,Costa Rica, ,43950012,CHN,CRC
2002,04 June 2002 - 18:00 ,Group H,Saitama Stadium 2002,Saitama ,Japan,2,2,Belgium,D,Draw, ,43950013,JPN,BEL
2002,04 Jun 2002 - 20:30 ,Group D,Busan Asiad Main Stadium,Busan ,Korea Republic,2,0,Poland,H,Korea Republic, ,43950014,KOR,POL
2002,05 Jun 2002 - 15:30 ,Group H,Kobe Wing Stadium,Kobe ,Russia,2,0,Tunisia,H,Russia, ,43950015,RUS,TUN
2002,05 Jun 2002 - 18:00 ,Group D,Suwon World Cup Stadium,Suwon ,USA,3,2,Portugal,H,USA, ,43950016,USA,POR
2002,05 Jun 2002 - 20:30 ,Group E,Kashima Stadium,Ibaraki ,Germany,1,1,Republic of Ireland,D,Draw, ,43950017,GER,IRL
2002,06 Jun 2002 - 15:30 ,Group A,Daegu World Cup Stadium,Daegu ,Denmark,1,1,Senegal,D,Draw, ,43950020,DEN,SEN
2002,06 Jun 2002 - 18:00 ,Group E,Saitama Stadium 2002,Saitama ,Cameroon,1,0,Saudi Arabia,H,Cameroon, ,43950019,CMR,KSA
2002,06 Jun 2002 - 20:30 ,Group A,Busan Asiad Main Stadium,Busan ,France,0,0,Uruguay,D,Draw, ,43950018,FRA,URU
2002,07 Jun 2002 - 15:30 ,Group F,Kobe Wing Stadium,Kobe ,Sweden,2,1,Nigeria,H,Sweden, ,43950021,SWE,NGA
2002,07 Jun 2002 - 20:30 ,Group F,Sapporo Dome,Sapporo ,Argentina,0,1,England,A,England, ,43950023,ARG,ENG
2002,07 June 2002 - 18:00 ,Group B,Jeonju World Cup Stadium,Jeonju ,Spain,3,1,Paraguay,H,Spain, ,43950022,ESP,PAR
2002,08 Jun 2002 - 15:30 ,Group B,Daegu World Cup Stadium,Daegu ,South Africa,1,0,Slovenia,H,South Africa, ,43950024,RSA,SVN
2002,08 Jun 2002 - 20:30 ,Group C,Jeju World Cup Stadium,Jeju ,Brazil,4,0,China PR,H,Brazil, ,43950026,BRA,CHN
2002,08 June 2002 - 18:00 ,Group G,Kashima Stadium,Ibaraki ,Italy,1,2,Croatia,A,Croatia, ,43950025,ITA,CRO
2002,09 Jun 2002 - 18:00 ,Group C,Incheon Football Stadium,Incheon ,Costa Rica,1,1,Turkey,D,Draw, ,43950028,CRC,TUR
2002,09 Jun 2002 - 20:30 ,Group H,International Stadium Yokohama,Yokohama ,Japan,1,0,Russia,H,Japan, ,43950029,JPN,RUS
2002,09 Jun 2002 - 15:30 ,Group G,Miyagi Stadium,Rifu ,Mexico,2,1,Ecuador,H,Mexico, ,43950027,MEX,ECU
2002,10 Jun 2002 - 15:30 ,Group D,Daegu World Cup Stadium,Daegu ,Korea Republic,1,1,USA,D,Draw, ,43950030,KOR,USA
2002,10 Jun 2002 - 20:30 ,Group D,Jeonju World Cup Stadium,Jeonju ,Portugal,4,0,Poland,H,Portugal, ,43950032,POR,POL
2002,10 Jun 2002 - 18:00 ,Group H,Oita Stadium Big Eye,Oita ,Tunisia,1,1,Belgium,D,Draw, ,43950031,TUN,BEL
2002,11 Jun 2002 - 15:30 ,Group A,Incheon Football Stadium,Incheon ,Denmark,2,0,France,H,Denmark, ,43950033,DEN,FRA
2002,11 June 2002 - 15:30 ,Group A,Suwon World Cup Stadium,Suwon ,Senegal,3,3,Uruguay,D,Draw, ,43950034,SEN,URU
2002,11 Jun 2002 - 20:30 ,Group E,International Stadium Yokohama,Yokohama ,Saudi Arabia,0,3,Republic of Ireland,A,Republic of Ireland, ,43950036,KSA,IRL
2002,11 Jun 2002 - 20:30 ,Group E,Shizuoka Stadium Ecopa,Shizuoka ,Cameroon,0,2,Germany,A,Germany, ,43950035,CMR,GER
2002,12 Jun 2002 - 15:30 ,Group F,Miyagi Stadium,Rifu ,Sweden,1,1,Argentina,D,Draw, ,43950037,SWE,ARG
2002,12 Jun 2002 - 15:30 ,Group F,Osaka Nagai Stadium,Osaka ,Nigeria,0,0,England,D,Draw, ,43950038,NGA,ENG
2002,12 Jun 2002 - 20:30 ,Group B,Jeju World Cup Stadium,Jeju ,Slovenia,1,3,Paraguay,A,Paraguay, ,43950040,SVN,PAR
2002,12 Jun 2002 - 20:30 ,Group B,Daejeon World Cup Stadium,Daejeon ,South Africa,2,3,Spain,A,Spain, ,43950039,RSA,ESP
2002,13 Jun 2002 - 15:30 ,Group C,Suwon World Cup Stadium,Suwon ,Costa Rica,2,5,Brazil,A,Brazil, ,43950041,CRC,BRA
2002,13 Jun 2002 - 15:30 ,Group C,Seoul World Cup Stadium,Seoul ,Turkey,3,0,China PR,H,Turkey, ,43950042,TUR,CHN
2002,13 Jun 2002 - 20:30 ,Group G,International Stadium Yokohama,Yokohama ,Ecuador,1,0,Croatia,H,Ecuador, ,43950044,ECU,CRO
2002,13 Jun 2002 - 20:30 ,Group G,Oita Stadium Big Eye,Oita ,Mexico,1,1,Italy,D,Draw, ,43950043,MEX,ITA
2002,14 Jun 2002 - 15:30 ,Group H,Osaka Nagai Stadium,Osaka ,Tunisia,0,2,Japan,A,Japan, ,43950045,TUN,JPN
2002,14 Jun 2002 - 20:30 ,Group D,Incheon Football Stadium,Incheon ,Portugal,0,1,Korea Republic,A,Korea Republic, ,43950047,POR,KOR
2002,14 Jun 2002 - 20:30 ,Group D,Daejeon World Cup Stadium,Daejeon ,Poland,3,1,USA,H,Poland, ,43950048,POL,USA
2002,14 Jun 2002 - 15:30 ,Group H,Shizuoka Stadium Ecopa,Shizuoka ,Belgium,3,2,Russia,H,Belgium, ,43950046,BEL,RUS
2002,15 Jun 2002 - 20:30 ,Round of 16,Niigata Stadium Big Swan,Niigata ,Denmark,0,3,England,A,England, ,43950050,DEN,ENG
2002,15 Jun 2002 - 15:30 ,Round of 16,Jeju World Cup Stadium,Jeju ,Germany,1,0,Paraguay,H,Germany, ,43950049,GER,PAR
2002,16 Jun 2002 - 20:30 ,Round of 16,Suwon World Cup Stadium,Suwon ,Spain,1,1,Republic of Ireland,H,Draw,Spain win on penalties (3 - 2) ,43950052,ESP,IRL
2002,16 Jun 2002 - 15:30 ,Round of 16,Oita Stadium Big Eye,Oita ,Sweden,1,2,Senegal,A,Senegal,Win on Golden Goal ,43950051,SWE,SEN
2002,17 Jun 2002 - 20:30 ,Round of 16,Kobe Wing Stadium,Kobe ,Brazil,2,0,Belgium,H,Brazil, ,43950054,BRA,BEL
2002,17 June 2002 - 15:30 ,Round of 16,Jeonju World Cup Stadium,Jeonju ,Mexico,0,2,USA,A,USA, ,43950053,MEX,USA
2002,18 Jun 2002 - 15:30 ,Round of 16,Miyagi Stadium,Rifu ,Japan,0,1,Turkey,A,Turkey, ,43950055,JPN,TUR
2002,18 Jun 2002 - 20:30 ,Round of 16,Daejeon World Cup Stadium,Daejeon ,Korea Republic,2,1,Italy,H,Korea Republic,Win on Golden Goal ,43950056,KOR,ITA
2002,21 Jun 2002 - 15:30 ,Quarter-finals,Shizuoka Stadium Ecopa,Shizuoka ,England,1,2,Brazil,A,Brazil, ,43950057,ENG,BRA
2002,21 Jun 2002 - 20:30 ,Quarter-finals,Munsu Football Stadium,Ulsan ,Germany,1,0,USA,H,Germany, ,43950058,GER,USA
2002,22 Jun 2002 - 20:30 ,Quarter-finals,Osaka Nagai Stadium,Osaka ,Senegal,0,1,Turkey,A,Turkey,Win on Golden Goal ,43950060,SEN,TUR
2002,22 Jun 2002 - 15:30 ,Quarter-finals,Gwangju World Cup Stadium,Gwangju ,Spain,0,0,Korea Republic,A,Draw,Korea Republic win on penalties (3 - 5) ,43950059,ESP,KOR
2002,25 Jun 2002 - 20:30 ,Semi-finals,Seoul World Cup Stadium,Seoul ,Germany,1,0,Korea Republic,H,Germany, ,43950061,GER,KOR
2002,26 Jun 2002 - 20:30 ,Semi-finals,Saitama Stadium 2002,Saitama ,Brazil,1,0,Turkey,H,Brazil, ,43950062,BRA,TUR
2002,29 Jun 2002 - 20:00 ,Third place,Daegu World Cup Stadium,Daegu ,Korea Republic,2,3,Turkey,A,Turkey, ,43950063,KOR,TUR
2002,30 Jun 2002 - 20:00 ,Final,International Stadium Yokohama,Yokohama ,Germany,0,2,Brazil,A,Brazil, ,43950064,GER,BRA
2006,09 Jun 2006 - 18:00 ,Group A,"FIFA World Cup Stadium, Munich",Munich ,Germany,4,2,Costa Rica,H,Germany, ,97410001,GER,CRC
2006,09 Jun 2006 - 21:00 ,Group A,"FIFA World Cup Stadium, Gelsenkirchen",Gelsenkirchen ,Poland,0,2,Ecuador,A,Ecuador, ,97410002,POL,ECU
2006,10 Jun 2006 - 15:00 ,Group B,"FIFA World Cup Stadium, Frankfurt",Frankfurt/Main ,England,1,0,Paraguay,H,England, ,97410003,ENG,PAR
2006,10 Jun 2006 - 18:00 ,Group B,"FIFA World Cup Stadium, Dortmund",Dortmund ,Trinidad and Tobago,0,0,Sweden,D,Draw, ,97410004,TRI,SWE
2006,10 Jun 2006 - 21:00 ,Group C,"FIFA World Cup Stadium, Hamburg",Hamburg ,Argentina,2,1,Ivory Coast,H,Argentina, ,97410005,ARG,CIV
2006,11 Jun 2006 - 15:00 ,Group C,Zentralstadion,Leipzig ,Serbia,0,1,Netherlands,A,Netherlands, ,97410006,SCG,NED
2006,11 Jun 2006 - 18:00 ,Group D,Franken-Stadion,Nuremberg ,Mexico,3,1,Iran,H,Mexico, ,97410007,MEX,IRN
2006,11 Jun 2006 - 21:00 ,Group D,"FIFA World Cup Stadium, Cologne",Cologne ,Angola,0,1,Portugal,A,Portugal, ,97410008,ANG,POR
2006,12 Jun 2006 - 15:00 ,Group F,Fritz-Walter-Stadion,Kaiserslautern ,Australia,3,1,Japan,H,Australia, ,97410012,AUS,JPN
2006,12 Jun 2006 - 18:00 ,Group E,"FIFA World Cup Stadium, Gelsenkirchen",Gelsenkirchen ,USA,0,3,Czech Republic,A,Czech Republic, ,97410010,USA,CZE
2006,12 Jun 2006 - 21:00 ,Group E,"FIFA World Cup Stadium, Hanover",Hanover ,Italy,2,0,Ghana,H,Italy, ,97410009,ITA,GHA
2006,13 Jun 2006 - 15:00 ,Group G,"FIFA World Cup Stadium, Frankfurt",Frankfurt/Main ,Korea Republic,2,1,Togo,H,Korea Republic, ,97410014,KOR,TOG
2006,13 Jun 2006 - 18:00 ,Group G,Gottlieb-Daimler-Stadion,Stuttgart ,France,0,0,Switzerland,D,Draw, ,97410013,FRA,SUI
2006,13 Jun 2006 - 21:00 ,Group F,Olympiastadion,Berlin ,Brazil,1,0,Croatia,H,Brazil, ,97410011,BRA,CRO
2006,14 Jun 2006 - 15:00 ,Group H,Zentralstadion,Leipzig ,Spain,4,0,Ukraine,H,Spain, ,97410015,ESP,UKR
2006,14 Jun 2006 - 18:00 ,Group H,"FIFA World Cup Stadium, Munich",Munich ,Tunisia,2,2,Saudi Arabia,D,Draw, ,97410016,TUN,KSA
2006,14 Jun 2006 - 21:00 ,Group A,"FIFA World Cup Stadium, Dortmund",Dortmund ,Germany,1,0,Poland,H,Germany, ,97410017,GER,POL
2006,15 Jun 2006 - 15:00 ,Group A,"FIFA World Cup Stadium, Hamburg",Hamburg ,Ecuador,3,0,Costa Rica,H,Ecuador, ,97410018,ECU,CRC
2006,15 Jun 2006 - 18:00 ,Group B,Franken-Stadion,Nuremberg ,England,2,0,Trinidad and Tobago,H,England, ,97410019,ENG,TRI
2006,15 Jun 2006 - 21:00 ,Group B,Olympiastadion,Berlin ,Sweden,1,0,Paraguay,H,Sweden, ,97410020,SWE,PAR
2006,16 Jun 2006 - 15:00 ,Group C,"FIFA World Cup Stadium, Gelsenkirchen",Gelsenkirchen ,Argentina,6,0,Serbia,H,Argentina, ,97410021,ARG,SCG
2006,16 Jun 2006 - 18:00 ,Group C,Gottlieb-Daimler-Stadion,Stuttgart ,Netherlands,2,1,Ivory Coast,H,Netherlands, ,97410022,NED,CIV
2006,16 Jun 2006 - 21:00 ,Group D,"FIFA World Cup Stadium, Hanover",Hanover ,Mexico,0,0,Angola,D,Draw, ,97410023,MEX,ANG
2006,17 Jun 2006 - 15:00 ,Group D,"FIFA World Cup Stadium, Frankfurt",Frankfurt/Main ,Portugal,2,0,Iran,H,Portugal, ,97410024,POR,IRN
2006,17 Jun 2006 - 18:00 ,Group E,"FIFA World Cup Stadium, Cologne",Cologne ,Czech Republic,0,2,Ghana,A,Ghana, ,97410026,CZE,GHA
2006,17 Jun 2006 - 21:00 ,Group E,Fritz-Walter-Stadion,Kaiserslautern ,Italy,1,1,USA,D,Draw, ,97410025,ITA,USA
2006,18 Jun 2006 - 15:00 ,Group F,Franken-Stadion,Nuremberg ,Japan,0,0,Croatia,D,Draw, ,97410028,JPN,CRO
2006,18 Jun 2006 - 18:00 ,Group F,"FIFA World Cup Stadium, Munich",Munich ,Brazil,2,0,Australia,H,Brazil, ,97410027,BRA,AUS
2006,18 Jun 2006 - 21:00 ,Group G,Zentralstadion,Leipzig ,France,1,1,Korea Republic,D,Draw, ,97410029,FRA,KOR
2006,19 Jun 2006 - 15:00 ,Group G,"FIFA World Cup Stadium, Dortmund",Dortmund ,Togo,0,2,Switzerland,A,Switzerland, ,97410030,TOG,SUI
2006,19 Jun 2006 - 18:00 ,Group H,"FIFA World Cup Stadium, Hamburg",Hamburg ,Saudi Arabia,0,4,Ukraine,A,Ukraine, ,97410032,KSA,UKR
2006,19 Jun 2006 - 21:00 ,Group H,Gottlieb-Daimler-Stadion,Stuttgart ,Spain,3,1,Tunisia,H,Spain, ,97410031,ESP,TUN
2006,20 Jun 2006 - 16:00 ,Group A,Olympiastadion,Berlin ,Ecuador,0,3,Germany,A,Germany, ,97410033,ECU,GER
2006,20 Jun 2006 - 16:00 ,Group A,"FIFA World Cup Stadium, Hanover",Hanover ,Costa Rica,1,2,Poland,A,Poland, ,97410034,CRC,POL
2006,20 Jun 2006 - 21:00 ,Group B,"FIFA World Cup Stadium, Cologne",Cologne ,Sweden,2,2,England,D,Draw, ,97410035,SWE,ENG
2006,20 Jun 2006 - 21:00 ,Group B,Fritz-Walter-Stadion,Kaiserslautern ,Paraguay,2,0,Trinidad and Tobago,H,Paraguay, ,97410036,PAR,TRI
2006,21 Jun 2006 - 16:00 ,Group D,Zentralstadion,Leipzig ,Iran,1,1,Angola,D,Draw, ,97410040,IRN,ANG
2006,21 Jun 2006 - 16:00 ,Group D,"FIFA World Cup Stadium, Gelsenkirchen",Gelsenkirchen ,Portugal,2,1,Mexico,H,Portugal, ,97410039,POR,MEX
2006,21 Jun 2006 - 21:00 ,Group C,"FIFA World Cup Stadium, Frankfurt",Frankfurt/Main ,Netherlands,0,0,Argentina,D,Draw, ,97410037,NED,ARG
2006,21 Jun 2006 - 21:00 ,Group C,"FIFA World Cup Stadium, Munich",Munich ,Ivory Coast,3,2,Serbia,H,Ivory Coast, ,97410038,CIV,SCG
2006,22 Jun 2006 - 16:00 ,Group E,"FIFA World Cup Stadium, Hamburg",Hamburg ,Czech Republic,0,2,Italy,A,Italy, ,97410041,CZE,ITA
2006,22 Jun 2006 - 16:00 ,Group E,Franken-Stadion,Nuremberg ,Ghana,2,1,USA,H,Ghana, ,97410042,GHA,USA
2006,22 Jun 2006 - 21:00 ,Group F,"FIFA World Cup Stadium, Dortmund",Dortmund ,Japan,1,4,Brazil,A,Brazil, ,97410043,JPN,BRA
2006,22 Jun 2006 - 21:00 ,Group F,Gottlieb-Daimler-Stadion,Stuttgart ,Croatia,2,2,Australia,D,Draw, ,97410044,CRO,AUS
2006,23 Jun 2006 - 16:00 ,Group H,Olympiastadion,Berlin ,Ukraine,1,0,Tunisia,H,Ukraine, ,97410048,UKR,TUN
2006,23 Jun 2006 - 16:00 ,Group H,Fritz-Walter-Stadion,Kaiserslautern ,Saudi Arabia,0,1,Spain,A,Spain, ,97410047,KSA,ESP
2006,23 Jun 2006 - 21:00 ,Group G,"FIFA World Cup Stadium, Cologne",Cologne ,Togo,0,2,France,A,France, ,97410045,TOG,FRA
2006,23 Jun 2006 - 21:00 ,Group G,"FIFA World Cup Stadium, Hanover",Hanover ,Switzerland,2,0,Korea Republic,H,Switzerland, ,97410046,SUI,KOR
2006,24 Jun 2006 - 17:00 ,Round of 16,"FIFA World Cup Stadium, Munich",Munich ,Germany,2,0,Sweden,H,Germany, ,97410049,GER,SWE
2006,24 Jun 2006 - 21:00 ,Round of 16,Zentralstadion,Leipzig ,Argentina,2,1,Mexico,H,Argentina,Argentina win after extra time ,97410050,ARG,MEX
2006,25 Jun 2006 - 17:00 ,Round of 16,Gottlieb-Daimler-Stadion,Stuttgart ,England,1,0,Ecuador,H,England, ,97410051,ENG,ECU
2006,25 Jun 2006 - 21:00 ,Round of 16,Franken-Stadion,Nuremberg ,Portugal,1,0,Netherlands,H,Portugal, ,97410052,POR,NED
2006,26 Jun 2006 - 17:00 ,Round of 16,Fritz-Walter-Stadion,Kaiserslautern ,Italy,1,0,Australia,H,Italy, ,97410053,ITA,AUS
2006,26 Jun 2006 - 21:00 ,Round of 16,"FIFA World Cup Stadium, Cologne",Cologne ,Switzerland,0,0,Ukraine,A,Draw,Ukraine win on penalties (0 - 3) ,97410054,SUI,UKR
2006,27 Jun 2006 - 17:00 ,Round of 16,"FIFA World Cup Stadium, Dortmund",Dortmund ,Brazil,3,0,Ghana,H,Brazil, ,97410055,BRA,GHA
2006,27 Jun 2006 - 21:00 ,Round of 16,"FIFA World Cup Stadium, Hanover",Hanover ,Spain,1,3,France,A,France, ,97410056,ESP,FRA
2006,30 Jun 2006 - 17:00 ,Quarter-finals,Olympiastadion,Berlin ,Germany,1,1,Argentina,H,Draw,Germany win on penalties (4 - 2) ,97410057,GER,ARG
2006,30 Jun 2006 - 21:00 ,Quarter-finals,"FIFA World Cup Stadium, Hamburg",Hamburg ,Italy,3,0,Ukraine,H,Italy, ,97410058,ITA,UKR
2006,01 Jul 2006 - 17:00 ,Quarter-finals,"FIFA World Cup Stadium, Gelsenkirchen",Gelsenkirchen ,England,0,0,Portugal,A,Draw,Portugal win on penalties (1 - 3) ,97410059,ENG,POR
2006,01 Jul 2006 - 21:00 ,Quarter-finals,"FIFA World Cup Stadium, Frankfurt",Frankfurt/Main ,Brazil,0,1,France,A,France, ,97410060,BRA,FRA
2006,04 Jul 2006 - 21:00 ,Semi-finals,"FIFA World Cup Stadium, Dortmund",Dortmund ,Germany,0,2,Italy,A,Italy,Italy win after extra time ,97410061,GER,ITA
2006,05 Jul 2006 - 21:00 ,Semi-finals,"FIFA World Cup Stadium, Munich",Munich ,Portugal,0,1,France,A,France, ,97410062,POR,FRA
2006,08 Jul 2006 - 21:00 ,Third place,Gottlieb-Daimler-Stadion,Stuttgart ,Germany,3,1,Portugal,H,Germany, ,97410063,GER,POR
2006,09 Jul 2006 - 20:00 ,Final,Olympiastadion,Berlin ,Italy,1,1,France,H,Draw,Italy win on penalties (5 - 3) ,97410064,ITA,FRA
2010,11 Jun 2010 - 16:00 ,Group A,Soccer City Stadium,Johannesburg ,South Africa,1,1,Mexico,D,Draw, ,300061454,RSA,MEX
2010,11 Jun 2010 - 20:30 ,Group A,Cape Town Stadium,Cape Town ,Uruguay,0,0,France,D,Draw, ,300061453,URU,FRA
2010,12 Jun 2010 - 13:30 ,Group B,Port Elizabeth Stadium,Nelson Mandela Bay/Port Elizabeth ,Korea Republic,2,0,Greece,H,Korea Republic, ,300061459,KOR,GRE
2010,12 Jun 2010 - 16:00 ,Group B,Ellis Park Stadium,Johannesburg ,Argentina,1,0,Nigeria,H,Argentina, ,300061460,ARG,NGA
2010,12 Jun 2010 - 20:30 ,Group C,Royal Bafokeng Sports Palace,Phokeng ,England,1,1,USA,D,Draw, ,300061466,ENG,USA
2010,13 Jun 2010 - 13:30 ,Group C,Peter Mokaba Stadium,Polokwane ,Algeria,0,1,Slovenia,A,Slovenia, ,300061465,ALG,SVN
2010,13 Jun 2010 - 16:00 ,Group D,Loftus Versfeld Stadium,Tshwane/Pretoria ,Serbia,0,1,Ghana,A,Ghana, ,300061471,SRB,GHA
2010,13 Jun 2010 - 20:30 ,Group D,Durban Stadium,Durban ,Germany,4,0,Australia,H,Germany, ,300111116,GER,AUS
2010,14 Jun 2010 - 13:30 ,Group E,Soccer City Stadium,Johannesburg ,Netherlands,2,0,Denmark,H,Netherlands, ,300061478,NED,DEN
2010,14 Jun 2010 - 16:00 ,Group E,Free State Stadium,Mangaung/Bloemfontein ,Japan,1,0,Cameroon,H,Japan, ,300061477,JPN,CMR
2010,14 Jun 2010 - 20:30 ,Group F,Cape Town Stadium,Cape Town ,Italy,1,1,Paraguay,D,Draw, ,300061484,ITA,PAR
2010,15 Jun 2010 - 13:30 ,Group F,Royal Bafokeng Sports Palace,Phokeng ,New Zealand,1,1,Slovakia,D,Draw, ,300061483,NZL,SVK
2010,15 Jun 2010 - 16:00 ,Group G,Port Elizabeth Stadium,Nelson Mandela Bay/Port Elizabeth ,Ivory Coast,0,0,Portugal,D,Draw, ,300061489,CIV,POR
2010,15 Jun 2010 - 20:30 ,Group G,Ellis Park Stadium,Johannesburg ,Brazil,2,1,Korea Republic,H,Brazil, ,300061490,BRA,PRK
2010,16 Jun 2010 - 13:30 ,Group H,Mbombela Stadium,Nelspruit ,Honduras,0,1,Chile,A,Chile, ,300061495,HON,CHI
2010,16 Jun 2010 - 16:00 ,Group H,Durban Stadium,Durban ,Spain,0,1,Switzerland,A,Switzerland, ,300111112,ESP,SUI
2010,16 Jun 2010 - 20:30 ,Group A,Loftus Versfeld Stadium,Tshwane/Pretoria ,South Africa,0,3,Uruguay,A,Uruguay, ,300061452,RSA,URU
2010,17 Jun 2010 - 13:30 ,Group B,Soccer City Stadium,Johannesburg ,Argentina,4,1,Korea Republic,H,Argentina, ,300061458,ARG,KOR
2010,17 Jun 2010 - 16:00 ,Group B,Free State Stadium,Mangaung/Bloemfontein ,Greece,2,1,Nigeria,H,Greece, ,300061457,GRE,NGA
2010,17 Jun 2010 - 20:30 ,Group A,Peter Mokaba Stadium,Polokwane ,France,0,2,Mexico,A,Mexico, ,300061451,FRA,MEX
2010,18 Jun 2010 - 13:30 ,Group D,Port Elizabeth Stadium,Nelson Mandela Bay/Port Elizabeth ,Germany,0,1,Serbia,A,Serbia, ,300061470,GER,SRB
2010,18 Jun 2010 - 16:00 ,Group C,Ellis Park Stadium,Johannesburg ,Slovenia,2,2,USA,D,Draw, ,300061463,SVN,USA
2010,18 Jun 2010 - 20:30 ,Group C,Cape Town Stadium,Cape Town ,England,0,0,Algeria,D,Draw, ,300061464,ENG,ALG
2010,19 Jun 2010 - 13:30 ,Group E,Durban Stadium,Durban ,Netherlands,1,0,Japan,H,Netherlands, ,300111117,NED,JPN
2010,19 Jun 2010 - 16:00 ,Group D,Royal Bafokeng Sports Palace,Phokeng ,Ghana,1,1,Australia,D,Draw, ,300061469,GHA,AUS
2010,19 Jun 2010 - 20:30 ,Group E,Loftus Versfeld Stadium,Tshwane/Pretoria ,Cameroon,1,2,Denmark,A,Denmark, ,300061475,CMR,DEN
2010,20 Jun 2010 - 13:30 ,Group F,Free State Stadium,Mangaung/Bloemfontein ,Slovakia,0,2,Paraguay,A,Paraguay, ,300061481,SVK,PAR
2010,20 Jun 2010 - 16:00 ,Group F,Mbombela Stadium,Nelspruit ,Italy,1,1,New Zealand,D,Draw, ,300061482,ITA,NZL
2010,20 Jun 2010 - 20:30 ,Group G,Soccer City Stadium,Johannesburg ,Brazil,3,1,Ivory Coast,H,Brazil, ,300061488,BRA,CIV
2010,21 Jun 2010 - 13:30 ,Group G,Cape Town Stadium,Cape Town ,Portugal,7,0,Korea Republic,H,Portugal, ,300061487,POR,PRK
2010,21 Jun 2010 - 16:00 ,Group H,Port Elizabeth Stadium,Nelson Mandela Bay/Port Elizabeth ,Chile,1,0,Switzerland,H,Chile, ,300061493,CHI,SUI
2010,21 Jun 2010 - 20:30 ,Group H,Ellis Park Stadium,Johannesburg ,Spain,2,0,Honduras,H,Spain, ,300061494,ESP,HON
2010,22 Jun 2010 - 16:00 ,Group A,Royal Bafokeng Sports Palace,Phokeng ,Mexico,0,1,Uruguay,A,Uruguay, ,300061450,MEX,URU
2010,22 Jun 2010 - 16:00 ,Group A,Free State Stadium,Mangaung/Bloemfontein ,France,1,2,South Africa,A,South Africa, ,300061449,FRA,RSA
2010,22 Jun 2010 - 20:30 ,Group B,Durban Stadium,Durban ,Nigeria,2,2,Korea Republic,D,Draw, ,300111115,NGA,KOR
2010,22 Jun 2010 - 20:30 ,Group B,Peter Mokaba Stadium,Polokwane ,Greece,0,2,Argentina,A,Argentina, ,300061455,GRE,ARG
2010,23 Jun 2010 - 16:00 ,Group C,Port Elizabeth Stadium,Nelson Mandela Bay/Port Elizabeth ,Slovenia,0,1,England,A,England, ,300061462,SVN,ENG
2010,23 Jun 2010 - 16:00 ,Group C,Loftus Versfeld Stadium,Tshwane/Pretoria ,USA,1,0,Algeria,H,USA, ,300061461,USA,ALG
2010,23 Jun 2010 - 20:30 ,Group D,Soccer City Stadium,Johannesburg ,Ghana,0,1,Germany,A,Germany, ,300061468,GHA,GER
2010,23 Jun 2010 - 20:30 ,Group D,Mbombela Stadium,Nelspruit ,Australia,2,1,Serbia,H,Australia, ,300061467,AUS,SRB
2010,24 Jun 2010 - 16:00 ,Group F,Ellis Park Stadium,Johannesburg ,Slovakia,3,2,Italy,H,Slovakia, ,300061480,SVK,ITA
2010,24 Jun 2010 - 16:00 ,Group F,Peter Mokaba Stadium,Polokwane ,Paraguay,0,0,New Zealand,D,Draw, ,300061479,PAR,NZL
2010,24 Jun 2010 - 20:30 ,Group E,Royal Bafokeng Sports Palace,Phokeng ,Denmark,1,3,Japan,A,Japan, ,300061474,DEN,JPN
2010,24 Jun 2010 - 20:30 ,Group E,Cape Town Stadium,Cape Town ,Cameroon,1,2,Netherlands,A,Netherlands, ,300061473,CMR,NED
2010,25 Jun 2010 - 16:00 ,Group G,Durban Stadium,Durban ,Portugal,0,0,Brazil,D,Draw, ,300111111,POR,BRA
2010,25 Jun 2010 - 16:00 ,Group G,Mbombela Stadium,Nelspruit ,Korea Republic,0,3,Ivory Coast,A,Ivory Coast, ,300061486,PRK,CIV
2010,25 Jun 2010 - 20:30 ,Group H,Loftus Versfeld Stadium,Tshwane/Pretoria ,Chile,1,2,Spain,A,Spain, ,300061491,CHI,ESP
2010,25 Jun 2010 - 20:30 ,Group H,Free State Stadium,Mangaung/Bloemfontein ,Switzerland,0,0,Honduras,D,Draw, ,300061492,SUI,HON
2010,26 Jun 2010 - 16:00 ,Round of 16,Port Elizabeth Stadium,Nelson Mandela Bay/Port Elizabeth ,Uruguay,2,1,Korea Republic,H,Uruguay, ,300061504,URU,KOR
2010,26 Jun 2010 - 20:30 ,Round of 16,Royal Bafokeng Sports Palace,Phokeng ,USA,1,2,Ghana,A,Ghana,Ghana win after extra time ,300061503,USA,GHA
2010,27 Jun 2010 - 16:00 ,Round of 16,Free State Stadium,Mangaung/Bloemfontein ,Germany,4,1,England,H,Germany, ,300061501,GER,ENG
2010,27 Jun 2010 - 20:30 ,Round of 16,Soccer City Stadium,Johannesburg ,Argentina,3,1,Mexico,H,Argentina, ,300061502,ARG,MEX
2010,28 Jun 2010 - 16:00 ,Round of 16,Durban Stadium,Durban ,Netherlands,2,1,Slovakia,H,Netherlands, ,300111113,NED,SVK
2010,28 Jun 2010 - 20:30 ,Round of 16,Ellis Park Stadium,Johannesburg ,Brazil,3,0,Chile,H,Brazil, ,300061500,BRA,CHI
2010,29 Jun 2010 - 16:00 ,Round of 16,Loftus Versfeld Stadium,Tshwane/Pretoria ,Paraguay,0,0,Japan,H,Draw,Paraguay win on penalties (5 - 3) ,300061497,PAR,JPN
2010,29 Jun 2010 - 20:30 ,Round of 16,Cape Town Stadium,Cape Town ,Spain,1,0,Portugal,H,Spain, ,300061498,ESP,POR
2010,02 Jul 2010 - 16:00 ,Quarter-finals,Port Elizabeth Stadium,Nelson Mandela Bay/Port Elizabeth ,Netherlands,2,1,Brazil,H,Netherlands, ,300061507,NED,BRA
2010,02 Jul 2010 - 20:30 ,Quarter-finals,Soccer City Stadium,Johannesburg ,Uruguay,1,1,Ghana,H,Draw,Uruguay win on penalties (4 - 2) ,300061508,URU,GHA
2010,03 Jul 2010 - 16:00 ,Quarter-finals,Cape Town Stadium,Cape Town ,Argentina,0,4,Germany,A,Germany, ,300061505,ARG,GER
2010,03 Jul 2010 - 20:30 ,Quarter-finals,Ellis Park Stadium,Johannesburg ,Paraguay,0,1,Spain,A,Spain, ,300061506,PAR,ESP
2010,06 Jul 2010 - 20:30 ,Semi-finals,Cape Town Stadium,Cape Town ,Uruguay,2,3,Netherlands,A,Netherlands, ,300061512,URU,NED
2010,07 Jul 2010 - 20:30 ,Semi-finals,Durban Stadium,Durban ,Germany,0,1,Spain,A,Spain, ,300111114,GER,ESP
2010,10 Jul 2010 - 20:30 ,Match for third place,Port Elizabeth Stadium,Nelson Mandela Bay/Port Elizabeth ,Uruguay,2,3,Germany,A,Germany, ,300061510,URU,GER
2010,11 Jul 2010 - 20:30 ,Final,Soccer City Stadium,Johannesburg ,Netherlands,0,1,Spain,A,Spain,Spain win after extra time ,300061509,NED,ESP
2014,12 Jun 2014 - 17:00 ,Group A,Arena de Sao Paulo,Sao Paulo ,Brazil,3,1,Croatia,H,Brazil, ,300186456,BRA,CRO
2014,13 Jun 2014 - 13:00 ,Group A,Estadio das Dunas,Natal ,Mexico,1,0,Cameroon,H,Mexico, ,300186492,MEX,CMR
2014,13 Jun 2014 - 16:00 ,Group B,Arena Fonte Nova,Salvador ,Spain,1,5,Netherlands,A,Netherlands, ,300186510,ESP,NED
2014,13 Jun 2014 - 18:00 ,Group B,Arena Pantanal,Cuiaba ,Chile,3,1,Australia,H,Chile, ,300186473,CHI,AUS
2014,14 Jun 2014 - 13:00 ,Group C,Estadio Mineirao,Belo Horizonte ,Colombia,3,0,Greece,H,Colombia, ,300186471,COL,GRE
2014,14 Jun 2014 - 16:00 ,Group D,Estadio Castelao,Fortaleza ,Uruguay,1,3,Costa Rica,A,Costa Rica, ,300186489,URU,CRC
2014,14 Jun 2014 - 18:00 ,Group D,Arena Amazonia,Manaus ,England,1,2,Italy,A,Italy, ,300186513,ENG,ITA
2014,14 Jun 2014 - 22:00 ,Group C,Arena Pernambuco,Recife ,Ivory Coast,2,1,Japan,H,Ivory Coast, ,300186507,CIV,JPN
2014,15 Jun 2014 - 13:00 ,Group E,Estadio Nacional,Brasilia ,Switzerland,2,1,Ecuador,H,Switzerland, ,300186494,SUI,ECU
2014,15 Jun 2014 - 16:00 ,Group E,Estadio Beira-Rio,Porto Alegre ,France,3,0,Honduras,H,France, ,300186496,FRA,HON
2014,15 Jun 2014 - 19:00 ,Group F,Estadio do Maracana,Rio De Janeiro ,Argentina,2,1,Bosnia and Herzegovina,H,Argentina, ,300186477,ARG,BIH
2014,16 Jun 2014 - 13:00 ,Group G,Arena Fonte Nova,Salvador ,Germany,4,0,Portugal,H,Germany, ,300186475,GER,POR
2014,16 Jun 2014 - 16:00 ,Group F,Arena da Baixada,Curitiba ,Iran,0,0,Nigeria,D,Draw, ,300186505,IRN,NGA
2014,16 Jun 2014 - 19:00 ,Group G,Estadio das Dunas,Natal ,Ghana,1,2,USA,A,USA, ,300186512,GHA,USA
2014,17 Jun 2014 - 13:00 ,Group H,Estadio Mineirao,Belo Horizonte ,Belgium,2,1,Algeria,H,Belgium, ,300186479,BEL,ALG
2014,17 Jun 2014 - 16:00 ,Group A,Estadio Castelao,Fortaleza ,Brazil,0,0,Mexico,D,Draw, ,300186509,BRA,MEX
2014,17 Jun 2014 - 18:00 ,Group H,Arena Pantanal,Cuiaba ,Russia,1,1,Korea Republic,D,Draw, ,300186499,RUS,KOR
2014,18 Jun 2014 - 13:00 ,Group B,Estadio Beira-Rio,Porto Alegre ,Australia,2,3,Netherlands,A,Netherlands, ,300186478,AUS,NED
2014,18 Jun 2014 - 16:00 ,Group B,Estadio do Maracana,Rio De Janeiro ,Spain,0,2,Chile,A,Chile, ,300186498,ESP,CHI
2014,18 Jun 2014 - 18:00 ,Group A,Arena Amazonia,Manaus ,Cameroon,0,4,Croatia,A,Croatia, ,300186453,CMR,CRO
2014,19 Jun 2014 - 13:00 ,Group C,Estadio Nacional,Brasilia ,Colombia,2,1,Ivory Coast,H,Colombia, ,300186468,COL,CIV
2014,19 Jun 2014 - 16:00 ,Group D,Arena de Sao Paulo,Sao Paulo ,Uruguay,2,1,England,H,Uruguay, ,300186486,URU,ENG
2014,19 Jun 2014 - 19:00 ,Group C,Estadio das Dunas,Natal ,Japan,0,0,Greece,D,Draw, ,300186454,JPN,GRE
2014,20 Jun 2014 - 13:00 ,Group D,Arena Pernambuco,Recife ,Italy,0,1,Costa Rica,A,Costa Rica, ,300186500,ITA,CRC
2014,20 Jun 2014 - 16:00 ,Group E,Arena Fonte Nova,Salvador ,Switzerland,2,5,France,A,France, ,300186514,SUI,FRA
2014,20 Jun 2014 - 19:00 ,Group E,Arena da Baixada,Curitiba ,Honduras,1,2,Ecuador,A,Ecuador, ,300186463,HON,ECU
2014,21 Jun 2014 - 13:00 ,Group F,Estadio Mineirao,Belo Horizonte ,Argentina,1,0,Iran,H,Argentina, ,300186466,ARG,IRN
2014,21 Jun 2014 - 16:00 ,Group G,Estadio Castelao,Fortaleza ,Germany,2,2,Ghana,D,Draw, ,300186493,GER,GHA
2014,21 Jun 2014 - 18:00 ,Group F,Arena Pantanal,Cuiaba ,Nigeria,1,0,Bosnia and Herzegovina,H,Nigeria, ,300186511,NGA,BIH
2014,22 Jun 2014 - 13:00 ,Group H,Estadio do Maracana,Rio De Janeiro ,Belgium,1,0,Russia,H,Belgium, ,300186481,BEL,RUS
2014,22 Jun 2014 - 16:00 ,Group H,Estadio Beira-Rio,Porto Alegre ,Korea Republic,2,4,Algeria,A,Algeria, ,300186495,KOR,ALG
2014,22 Jun 2014 - 18:00 ,Group G,Arena Amazonia,Manaus ,USA,2,2,Portugal,D,Draw, ,300186483,USA,POR
2014,23 Jun 2014 - 13:00 ,Group B,Arena da Baixada,Curitiba ,Australia,0,3,Spain,A,Spain, ,300186467,AUS,ESP
2014,23 Jun 2014 - 13:00 ,Group B,Arena de Sao Paulo,Sao Paulo ,Netherlands,2,0,Chile,H,Netherlands, ,300186470,NED,CHI
2014,23 Jun 2014 - 17:00 ,Group A,Estadio Nacional,Brasilia ,Cameroon,1,4,Brazil,A,Brazil, ,300186472,CMR,BRA
2014,23 Jun 2014 - 17:00 ,Group A,Arena Pernambuco,Recife ,Croatia,1,3,Mexico,A,Mexico, ,300186452,CRO,MEX
2014,24 Jun 2014 - 13:00 ,Group D,Estadio das Dunas,Natal ,Italy,0,1,Uruguay,A,Uruguay, ,300186465,ITA,URU
2014,24 Jun 2014 - 13:00 ,Group D,Estadio Mineirao,Belo Horizonte ,Costa Rica,0,0,England,D,Draw, ,300186484,CRC,ENG
2014,24 Jun 2014 - 16:00 ,Group C,Arena Pantanal,Cuiaba ,Japan,1,4,Colombia,A,Colombia, ,300186457,JPN,COL
2014,24 Jun 2014 - 17:00 ,Group C,Estadio Castelao,Fortaleza ,Greece,2,1,Ivory Coast,H,Greece, ,300186455,GRE,CIV
2014,25 Jun 2014 - 13:00 ,Group F,Estadio Beira-Rio,Porto Alegre ,Nigeria,2,3,Argentina,A,Argentina, ,300186458,NGA,ARG
2014,25 Jun 2014 - 13:00 ,Group F,Arena Fonte Nova,Salvador ,Bosnia and Herzegovina,3,1,Iran,H,Bosnia and Herzegovina, ,300186464,BIH,IRN
2014,25 Jun 2014 - 16:00 ,Group E,Arena Amazonia,Manaus ,Honduras,0,3,Switzerland,A,Switzerland, ,300186482,HON,SUI
2014,25 Jun 2014 - 17:00 ,Group E,Estadio do Maracana,Rio De Janeiro ,Ecuador,0,0,France,D,Draw, ,300186515,ECU,FRA
2014,26 Jun 2014 - 13:00 ,Group G,Arena Pernambuco,Recife ,USA,0,1,Germany,A,Germany, ,300186469,USA,GER
2014,26 Jun 2014 - 13:00 ,Group G,Estadio Nacional,Brasilia ,Portugal,2,1,Ghana,H,Portugal, ,300186476,POR,GHA
2014,26 Jun 2014 - 17:00 ,Group H,Arena de Sao Paulo,Sao Paulo ,Korea Republic,0,1,Belgium,A,Belgium, ,300186480,KOR,BEL
2014,26 Jun 2014 - 17:00 ,Group H,Arena da Baixada,Curitiba ,Algeria,1,1,Russia,D,Draw, ,300186506,ALG,RUS
2014,04 Jul 2014 - 13:00 ,Quarter-finals,Estadio do Maracana,Rio De Janeiro ,France,0,1,Germany,A,Germany, ,300186485,FRA,GER
2014,29 Jun 2014 - 13:00 ,Round of 16,Estadio Castelao,Fortaleza ,Netherlands,2,1,Mexico,H,Netherlands, ,300186508,NED,MEX
2014,01 Jul 2014 - 17:00 ,Round of 16,Arena Fonte Nova,Salvador ,Belgium,2,1,USA,H,Belgium,Belgium win after extra time ,300186497,BEL,USA
2014,28 Jun 2014 - 13:00 ,Round of 16,Estadio Mineirao,Belo Horizonte ,Brazil,1,1,Chile,H,Draw,Brazil win on penalties (3 - 2) ,300186487,BRA,CHI
2014,28 Jun 2014 - 17:00 ,Round of 16,Estadio do Maracana,Rio De Janeiro ,Colombia,2,0,Uruguay,H,Colombia, ,300186491,COL,URU
2014,29 Jun 2014 - 17:00 ,Round of 16,Arena Pernambuco,Recife ,Costa Rica,1,1,Greece,H,Draw,Costa Rica win on penalties (5 - 3) ,300186459,CRC,GRE
2014,30 Jun 2014 - 13:00 ,Round of 16,Estadio Nacional,Brasilia ,France,2,0,Nigeria,H,France, ,300186462,FRA,NGA
2014,30 Jun 2014 - 17:00 ,Round of 16,Estadio Beira-Rio,Porto Alegre ,Germany,2,1,Algeria,H,Germany,Germany win after extra time ,300186460,GER,ALG
2014,01 Jul 2014 - 13:00 ,Round of 16,Arena de Sao Paulo,Sao Paulo ,Argentina,1,0,Switzerland,H,Argentina,Argentina win after extra time ,300186503,ARG,SUI
2014,04 Jul 2014 - 17:00 ,Quarter-finals,Estadio Castelao,Fortaleza ,Brazil,2,1,Colombia,H,Brazil, ,300186461,BRA,COL
2014,05 Jul 2014 - 13:00 ,Quarter-finals,Estadio Nacional,Brasilia ,Argentina,1,0,Belgium,H,Argentina, ,300186504,ARG,BEL
2014,05 Jul 2014 - 17:00 ,Quarter-finals,Arena Fonte Nova,Salvador ,Netherlands,0,0,Costa Rica,H,Draw,Netherlands win on penalties (4 - 3) ,300186488,NED,CRC
2014,08 Jul 2014 - 17:00 ,Semi-finals,Estadio Mineirao,Belo Horizonte ,Brazil,1,7,Germany,A,Germany, ,300186474,BRA,GER
2014,09 Jul 2014 - 17:00 ,Semi-finals,Arena de Sao Paulo,Sao Paulo ,Netherlands,0,0,Argentina,A,Draw,Argentina win on penalties (2 - 4) ,300186490,NED,ARG
2014,12 Jul 2014 - 17:00 ,Play-off for third place,Estadio Nacional,Brasilia ,Brazil,0,3,Netherlands,A,Netherlands, ,300186502,BRA,NED
2014,13 Jul 2014 - 16:00 ,Final,Estadio do Maracana,Rio De Janeiro ,Germany,1,0,Argentina,H,Germany,Germany win after extra time ,300186501,GER,ARG
